,Company,Image_file
0,Samsung,image_000.jpg
1,Samsung,image_001.jpg
2,Motorola,image_002.jpg
3,Xiaomi,image_003.jpg
4,Samsung,image_004.jpg
5,Samsung,image_005.jpg
6,Samsung,image_006.jpg
7,Samsung,image_007.jpg
8,Samsung,image_008.jpg
9,Samsung,image_009.jpg
10,Samsung,image_010.jpg
11,Samsung,image_011.jpg
12,Xiaomi,image_012.jpg
13,Xiaomi,image_013.jpg
14,Samsung,image_014.jpg
15,Samsung,image_015.jpg
16,Samsung,image_016.jpg
17,Samsung,image_017.jpg
18,Nokia,image_018.jpg
19,Samsung,image_019.jpg
20,Samsung,image_020.jpg
21,Xiaomi,image_021.jpg
22,Samsung,image_022.jpg
23,Samsung,image_023.jpg
24,Samsung,image_024.jpg
25,Samsung,image_025.jpg
26,Xiaomi,image_026.jpg
27,Samsung,image_027.jpg
28,Motorola,image_028.jpg
29,Samsung,image_029.jpg
30,Samsung,image_030.jpg
31,Motorola,image_031.jpg
32,Motorola,image_032.jpg
33,Samsung,image_033.jpg
34,Xiaomi,image_034.jpg
35,Samsung,image_035.jpg
36,Nokia,image_036.jpg
37,Samsung,image_037.jpg
38,Xiaomi,image_038.jpg
39,Samsung,image_039.jpg
40,Xiaomi,image_040.jpg
41,Samsung,image_041.jpg
42,Xiaomi,image_042.jpg
43,Samsung,image_043.jpg
44,Nokia,image_044.jpg
45,Motorola,image_045.jpg
46,Samsung,image_046.jpg
47,Motorola,image_047.jpg
48,Xiaomi,image_048.jpg
49,Samsung,image_049.jpg
50,Nokia,image_050.jpg
51,Nokia,image_051.jpg
52,Samsung,image_052.jpg
53,Xiaomi,image_053.jpg
54,Samsung,image_054.jpg
55,Samsung,image_055.jpg
56,Motorola,image_056.jpg
57,Samsung,image_057.jpg
58,Samsung,image_058.jpg
59,Samsung,image_059.jpg
60,Samsung,image_060.jpg
61,Nokia,image_061.jpg
62,Samsung,image_062.jpg
63,Xiaomi,image_063.jpg
64,Xiaomi,image_064.jpg
65,Xiaomi,image_065.jpg
66,Xiaomi,image_066.jpg
67,Samsung,image_067.jpg
68,Samsung,image_068.jpg
69,Nokia,image_069.jpg
70,Xiaomi,image_070.jpg
71,Xiaomi,image_071.jpg
72,Redmi,image_072.jpg
73,Samsung,image_073.jpg
74,Xiaomi,image_074.jpg
75,Xiaomi,image_075.jpg
76,Xiaomi,image_076.jpg
77,Redmi,image_077.jpg
78,Xiaomi,image_078.jpg
79,Xiaomi,image_079.jpg
80,Xiaomi,image_080.jpg
81,Xiaomi,image_081.jpg
82,Xiaomi,image_082.jpg
83,Xiaomi,image_083.jpg
84,Samsung,image_084.jpg
85,Xiaomi,image_085.jpg
86,Xiaomi,image_086.jpg
87,Xiaomi,image_087.jpg
88,Xiaomi,image_088.jpg
89,Samsung,image_089.jpg
90,Xiaomi,image_090.jpg
91,Xiaomi,image_091.jpg
92,Redmi,image_092.jpg
93,Xiaomi,image_093.jpg
94,Xiaomi,image_094.jpg
95,Samsung,image_095.jpg
96,Samsung,image_096.jpg
97,Samsung,image_097.jpg
98,Xiaomi,image_098.jpg
99,Samsung,image_099.jpg
100,Samsung,image_100.jpg
101,Samsung,image_101.jpg
102,Samsung,image_102.jpg
103,Samsung,image_103.jpg
104,Nokia,image_104.jpg
105,Samsung,image_105.jpg
106,Samsung,image_106.jpg
107,Samsung,image_107.jpg
108,Xiaomi,image_108.jpg
109,Samsung,image_109.jpg
110,Samsung,image_110.jpg
111,Nokia,image_111.jpg
112,Samsung,image_112.jpg
113,Xiaomi,image_113.jpg
114,Samsung,image_114.jpg
115,Samsung,image_115.jpg
116,Samsung,image_116.jpg
117,Samsung,image_117.jpg
118,Samsung,image_118.jpg
119,Xiaomi,image_119.jpg
120,Samsung,image_120.jpg
121,Apple,image_121.jpg
122,Apple,image_122.jpg
123,Apple,image_123.jpg
124,Apple,image_124.jpg
125,Apple,image_125.jpg
126,Apple,image_126.jpg
127,Apple,image_127.jpg
128,Samsung,image_128.jpg
129,Samsung,image_129.jpg
130,Samsung,image_130.jpg
131,Samsung,image_131.jpg
132,Xiaomi,image_132.jpg
133,Motorola,image_133.jpg
134,Samsung,image_134.jpg
135,Samsung,image_135.jpg
136,Samsung,image_136.jpg
137,Samsung,image_137.jpg
138,Samsung,image_138.jpg
139,Samsung,image_139.jpg
140,Nokia,image_140.jpg
141,Samsung,image_141.jpg
142,Samsung,image_142.jpg
143,Xiaomi,image_143.jpg
144,Samsung,image_144.jpg
145,Xiaomi,image_145.jpg
146,Samsung,image_146.jpg
147,Apple,image_147.jpg
148,Samsung,image_148.jpg
149,Samsung,image_149.jpg
150,Samsung,image_150.jpg
151,Samsung,image_151.jpg
152,Samsung,image_152.jpg
153,Samsung,image_153.jpg
154,Samsung,image_154.jpg
155,Samsung,image_155.jpg
156,Samsung,image_156.jpg
157,Samsung,image_157.jpg
158,Poco,image_158.jpg
159,Samsung,image_159.jpg
160,Samsung,image_160.jpg
161,Samsung,image_161.jpg
162,Samsung,image_162.jpg
163,Motorola,image_163.jpg
164,Samsung,image_164.jpg
165,Samsung,image_165.jpg
166,Samsung,image_166.jpg
167,Samsung,image_167.jpg
168,Samsung,image_168.jpg
169,Samsung,image_169.jpg
170,Samsung,image_170.jpg
171,Samsung,image_171.jpg
172,Samsung,image_172.jpg
173,Xiaomi,image_173.jpg
174,Samsung,image_174.jpg
175,Samsung,image_175.jpg
176,Samsung,image_176.jpg
177,Samsung,image_177.jpg
178,Samsung,image_178.jpg
179,Samsung,image_179.jpg
180,Samsung,image_180.jpg
181,Motorola,image_181.jpg
182,Samsung,image_182.jpg
183,Samsung,image_183.jpg
184,Samsung,image_184.jpg
185,Samsung,image_185.jpg
186,Samsung,image_186.jpg
187,Samsung,image_187.jpg
188,Samsung,image_188.jpg
189,Samsung,image_189.jpg
190,Samsung,image_190.jpg
191,Samsung,image_191.jpg
192,Samsung,image_192.jpg
193,Samsung,image_193.jpg
194,Samsung,image_194.jpg
195,Samsung,image_195.jpg
196,Samsung,image_196.jpg
197,Samsung,image_197.jpg
198,Xiaomi,image_198.jpg
199,Nokia,image_199.jpg
200,Xiaomi,image_200.jpg
201,Xiaomi,image_201.jpg
202,Xiaomi,image_202.jpg
203,Xiaomi,image_203.jpg
204,Samsung,image_204.jpg
205,Samsung,image_205.jpg
206,Samsung,image_206.jpg
207,Samsung,image_207.jpg
208,Samsung,image_208.jpg
209,Samsung,image_209.jpg
210,Samsung,image_210.jpg
211,Samsung,image_211.jpg
212,Motorola,image_212.jpg
213,Nokia,image_213.jpg
214,Samsung,image_214.jpg
215,Nokia,image_215.jpg
216,Samsung,image_216.jpg
217,Samsung,image_217.jpg
218,Samsung,image_218.jpg
219,Samsung,image_219.jpg
220,Samsung,image_220.jpg
221,Motorola,image_221.jpg
222,Samsung,image_222.jpg
223,Samsung,image_223.jpg
224,Samsung,image_224.jpg
225,Samsung,image_225.jpg
226,Samsung,image_226.jpg
227,Samsung,image_227.jpg
228,Samsung,image_228.jpg
229,Samsung,image_229.jpg
230,Samsung,image_230.jpg
231,Samsung,image_231.jpg
232,Samsung,image_232.jpg
233,Samsung,image_233.jpg
234,Samsung,image_234.jpg
235,Nokia,image_235.jpg
236,Samsung,image_236.jpg
237,Samsung,image_237.jpg
238,Samsung,image_238.jpg
239,Samsung,image_239.jpg
240,Samsung,image_240.jpg
241,Samsung,image_241.jpg
242,Samsung,image_242.jpg
243,Samsung,image_243.jpg
244,Samsung,image_244.jpg
245,Samsung,image_245.jpg
246,Samsung,image_246.jpg
247,Samsung,image_247.jpg
248,Nokia,image_248.jpg
249,Samsung,image_249.jpg
250,Samsung,image_250.jpg
251,Samsung,image_251.jpg
252,Nokia,image_252.jpg
253,Samsung,image_253.jpg
254,Samsung,image_254.jpg
255,Samsung,image_255.jpg
256,Motorola,image_256.jpg
257,Motorola,image_257.jpg
258,Xiaomi,image_258.jpg
259,Samsung,image_259.jpg
260,Samsung,image_260.jpg
261,Samsung,image_261.jpg
262,Samsung,image_262.jpg
263,Samsung,image_263.jpg
264,Samsung,image_264.jpg
265,Samsung,image_265.jpg
266,Nokia,image_266.jpg
267,Samsung,image_267.jpg
268,Samsung,image_268.jpg
269,Samsung,image_269.jpg
270,Xiaomi,image_270.jpg
271,Apple,image_271.jpg
272,Apple,image_272.jpg
273,Apple,image_273.jpg
274,Apple,image_274.jpg
275,Apple,image_275.jpg
276,Apple,image_276.jpg
277,Apple,image_277.jpg
278,Apple,image_278.jpg
279,Apple,image_279.jpg
280,Nokia,image_280.jpg
281,Nokia,image_281.jpg
282,Nokia,image_282.jpg
283,Nokia,image_283.jpg
284,Nokia,image_284.jpg
285,Xiaomi,image_285.jpg
286,Xiaomi,image_286.jpg
287,Xiaomi,image_287.jpg
288,Xiaomi,image_288.jpg
289,Xiaomi,image_289.jpg
290,Xiaomi,image_290.jpg
291,Xiaomi,image_291.jpg
292,Xiaomi,image_292.jpg
293,Xiaomi,image_293.jpg
294,Xiaomi,image_294.jpg
295,Xiaomi,image_295.jpg
296,Xiaomi,image_296.jpg
297,Poco,image_297.jpg
298,Xiaomi,image_298.jpg
299,Xiaomi,image_299.jpg
300,Xiaomi,image_300.jpg
301,Poco,image_301.jpg
302,Xiaomi,image_302.jpg
303,Xiaomi,image_303.jpg
304,Poco,image_304.jpg
305,Poco,image_305.jpg
306,Xiaomi,image_306.jpg
307,Xiaomi,image_307.jpg
308,Xiaomi,image_308.jpg
309,Xiaomi,image_309.jpg
310,Xiaomi,image_310.jpg
311,Xiaomi,image_311.jpg
312,Xiaomi,image_312.jpg
313,OnePlus,image_313.jpg
314,OnePlus,image_314.jpg
315,OnePlus,image_315.jpg
316,OnePlus,image_316.jpg
317,OnePlus,image_317.jpg
318,OnePlus,image_318.jpg
319,OnePlus,image_319.jpg
320,OnePlus,image_320.jpg
321,OnePlus,image_321.jpg
322,OnePlus,image_322.jpg
323,OnePlus,image_323.jpg
324,OnePlus,image_324.jpg
325,OnePlus,image_325.jpg
326,OnePlus,image_326.jpg
327,OnePlus,image_327.jpg
328,OnePlus,image_328.jpg
329,OnePlus,image_329.jpg
330,Samsung,image_330.jpg
331,Nokia,image_331.jpg
332,Nokia,image_332.jpg
333,Nokia,image_333.jpg
334,Nokia,image_334.jpg
335,Xiaomi,image_335.jpg
336,Nokia,image_336.jpg
337,Nokia,image_337.jpg
338,Samsung,image_338.jpg
339,Xiaomi,image_339.jpg
340,Samsung,image_340.jpg
341,Nokia,image_341.jpg
342,Nokia,image_342.jpg
343,Xiaomi,image_343.jpg
344,Samsung,image_344.jpg
345,Samsung,image_345.jpg
346,Nokia,image_346.jpg
347,Nokia,image_347.jpg
348,Xiaomi,image_348.jpg
349,Nokia,image_349.jpg
350,Nokia,image_350.jpg
351,Nokia,image_351.jpg
352,Nokia,image_352.jpg
353,Samsung,image_353.jpg
354,Nokia,image_354.jpg
355,Nokia,image_355.jpg
356,Samsung,image_356.jpg
357,Samsung,image_357.jpg
358,Samsung,image_358.jpg
359,Apple,image_359.jpg
360,Apple,image_360.jpg
361,Apple,image_361.jpg
362,Apple,image_362.jpg
363,Apple,image_363.jpg
364,Samsung,image_364.jpg
365,Apple,image_365.jpg
366,Apple,image_366.jpg
367,Samsung,image_367.jpg
368,Apple,image_368.jpg
369,Apple,image_369.jpg
370,Samsung,image_370.jpg
371,Samsung,image_371.jpg
372,Samsung,image_372.jpg
373,Apple,image_373.jpg
374,Apple,image_374.jpg
375,Apple,image_375.jpg
376,Samsung,image_376.jpg
377,Samsung,image_377.jpg
378,Samsung,image_378.jpg
379,Microsoft,image_379.jpg
380,Samsung,image_380.jpg
381,Samsung,image_381.jpg
382,Samsung,image_382.jpg
383,Apple,image_383.jpg
384,Apple,image_384.jpg
385,Apple,image_385.jpg
386,Apple,image_386.jpg
387,Apple,image_387.jpg
388,Apple,image_388.jpg
389,Samsung,image_389.jpg
390,Nokia,image_390.jpg
391,Samsung,image_391.jpg
392,Samsung,image_392.jpg
393,Samsung,image_393.jpg
394,Samsung,image_394.jpg
395,Samsung,image_395.jpg
396,Samsung,image_396.jpg
397,Samsung,image_397.jpg
398,Samsung,image_398.jpg
399,Samsung,image_399.jpg
400,Nokia,image_400.jpg
401,Samsung,image_401.jpg
402,Samsung,image_402.jpg
403,Samsung,image_403.jpg
404,Samsung,image_404.jpg
405,Samsung,image_405.jpg
406,Samsung,image_406.jpg
407,Apple,image_407.jpg
408,Redmi,image_408.jpg
409,Apple,image_409.jpg
410,Samsung,image_410.jpg
411,Apple,image_411.jpg
412,Samsung,image_412.jpg
413,Apple,image_413.jpg
414,Apple,image_414.jpg
415,Xiaomi,image_415.jpg
416,Samsung,image_416.jpg
417,Apple,image_417.jpg
418,Samsung,image_418.jpg
419,Xiaomi,image_419.jpg
420,Apple,image_420.jpg
421,Xiaomi,image_421.jpg
422,Samsung,image_422.jpg
423,Xiaomi,image_423.jpg
424,Redmi,image_424.jpg
425,Samsung,image_425.jpg
426,Samsung,image_426.jpg
427,Samsung,image_427.jpg
428,Xiaomi,image_428.jpg
429,Redmi,image_429.jpg
430,Xiaomi,image_430.jpg
431,Samsung,image_431.jpg
432,Nokia,image_432.jpg
433,Nokia,image_433.jpg
434,Nokia,image_434.jpg
435,Nokia,image_435.jpg
436,Nokia,image_436.jpg
437,Nokia,image_437.jpg
438,Nokia,image_438.jpg
439,Samsung,image_439.jpg
440,Nokia,image_440.jpg
441,Nokia,image_441.jpg
442,Samsung,image_442.jpg
443,Nokia,image_443.jpg
444,Nokia,image_444.jpg
445,Nokia,image_445.jpg
446,Nokia,image_446.jpg
447,Samsung,image_447.jpg
448,Nokia,image_448.jpg
449,Motorola,image_449.jpg
450,Nokia,image_450.jpg
451,Nokia,image_451.jpg
452,Nokia,image_452.jpg
453,Nokia,image_453.jpg
454,Nokia,image_454.jpg
455,Xiaomi,image_455.jpg
456,Nokia,image_456.jpg
457,Xiaomi,image_457.jpg
458,Nokia,image_458.jpg
459,Samsung,image_459.jpg
460,Xiaomi,image_460.jpg
461,Samsung,image_461.jpg
462,Samsung,image_462.jpg
463,Samsung,image_463.jpg
464,Samsung,image_464.jpg
465,Xiaomi,image_465.jpg
466,Motorola,image_466.jpg
467,Xiaomi,image_467.jpg
468,Samsung,image_468.jpg
469,Motorola,image_469.jpg
470,Nokia,image_470.jpg
471,Xiaomi,image_471.jpg
472,Xiaomi,image_472.jpg
473,Xiaomi,image_473.jpg
474,Samsung,image_474.jpg
475,Nokia,image_475.jpg
476,Nokia,image_476.jpg
477,Nokia,image_477.jpg
478,Xiaomi,image_478.jpg
479,Xiaomi,image_479.jpg
480,Xiaomi,image_480.jpg
481,Redmi,image_481.jpg
482,Samsung,image_482.jpg
483,Redmi,image_483.jpg
484,Xiaomi,image_484.jpg
485,Xiaomi,image_485.jpg
486,Samsung,image_486.jpg
487,Redmi,image_487.jpg
488,Samsung,image_488.jpg
489,Samsung,image_489.jpg
490,Xiaomi,image_490.jpg
491,Samsung,image_491.jpg
492,Motorola,image_492.jpg
493,Samsung,image_493.jpg
494,Motorola,image_494.jpg
495,Xiaomi,image_495.jpg
496,Samsung,image_496.jpg
497,Samsung,image_497.jpg
498,Xiaomi,image_498.jpg
499,Motorola,image_499.jpg
500,Samsung,image_500.jpg
501,Samsung,image_501.jpg
502,Motorola,image_502.jpg
503,Nokia,image_503.jpg
504,Xiaomi,image_504.jpg
505,Nokia,image_505.jpg
506,Samsung,image_506.jpg
507,Xiaomi,image_507.jpg
508,Nokia,image_508.jpg
509,Nokia,image_509.jpg
510,Xiaomi,image_510.jpg
511,Samsung,image_511.jpg
512,Xiaomi,image_512.jpg
513,OnePlus,image_513.jpg
514,OnePlus,image_514.jpg
515,Samsung,image_515.jpg
516,Motorola,image_516.jpg
517,Motorola,image_517.jpg
518,Nokia,image_518.jpg
519,OnePlus,image_519.jpg
520,Samsung,image_520.jpg
521,Samsung,image_521.jpg
522,Motorola,image_522.jpg
523,Motorola,image_523.jpg
524,Motorola,image_524.jpg
525,Samsung,image_525.jpg
526,Xiaomi,image_526.jpg
527,Nokia,image_527.jpg
528,Xiaomi,image_528.jpg
529,Samsung,image_529.jpg
530,Samsung,image_530.jpg
531,Nokia,image_531.jpg
532,Xiaomi,image_532.jpg
533,Samsung,image_533.jpg
534,Samsung,image_534.jpg
535,Nokia,image_535.jpg
536,Nokia,image_536.jpg
537,Samsung,image_537.jpg
538,Xiaomi,image_538.jpg
539,Nokia,image_539.jpg
540,Samsung,image_540.jpg
541,Nokia,image_541.jpg
542,Samsung,image_542.jpg
543,Samsung,image_543.jpg
544,Nokia,image_544.jpg
545,Samsung,image_545.jpg
546,Samsung,image_546.jpg
547,Xiaomi,image_547.jpg
548,Motorola,image_548.jpg
549,Nokia,image_549.jpg
550,Samsung,image_550.jpg
551,Apple,image_551.jpg
552,Apple,image_552.jpg
553,Xiaomi,image_553.jpg
554,Apple,image_554.jpg
555,Apple,image_555.jpg
556,Apple,image_556.jpg
557,Samsung,image_557.jpg
558,Samsung,image_558.jpg
559,Samsung,image_559.jpg
560,Xiaomi,image_560.jpg
561,Samsung,image_561.jpg
562,Apple,image_562.jpg
563,Apple,image_563.jpg
564,Apple,image_564.jpg
565,Apple,image_565.jpg
566,Apple,image_566.jpg
567,Xiaomi,image_567.jpg
568,Samsung,image_568.jpg
569,Apple,image_569.jpg
570,Samsung,image_570.jpg
571,Redmi,image_571.jpg
572,Samsung,image_572.jpg
573,Samsung,image_573.jpg
574,Apple,image_574.jpg
575,Apple,image_575.jpg
576,Apple,image_576.jpg
577,Samsung,image_577.jpg
578,Samsung,image_578.jpg
579,Samsung,image_579.jpg
580,Apple,image_580.jpg
581,Apple,image_581.jpg
582,Samsung,image_582.jpg
583,Apple,image_583.jpg
584,Samsung,image_584.jpg
585,Apple,image_585.jpg
586,Samsung,image_586.jpg
587,Samsung,image_587.jpg
588,Samsung,image_588.jpg
589,Samsung,image_589.jpg
590,Apple,image_590.jpg
591,Samsung,image_591.jpg
592,Apple,image_592.jpg
593,Samsung,image_593.jpg
594,Samsung,image_594.jpg
595,Samsung,image_595.jpg
596,Xiaomi,image_596.jpg
597,Samsung,image_597.jpg
598,Samsung,image_598.jpg
599,Redmi,image_599.jpg
600,Samsung,image_600.jpg
601,Apple,image_601.jpg
602,Xiaomi,image_602.jpg
603,Samsung,image_603.jpg
604,Samsung,image_604.jpg
605,Samsung,image_605.jpg
606,Xiaomi,image_606.jpg
607,Samsung,image_607.jpg
608,Apple,image_608.jpg
609,Poco,image_609.jpg
610,Xiaomi,image_610.jpg
611,Xiaomi,image_611.jpg
612,Samsung,image_612.jpg
613,Samsung,image_613.jpg
614,Xiaomi,image_614.jpg
615,Xiaomi,image_615.jpg
616,Apple,image_616.jpg
617,Xiaomi,image_617.jpg
618,Apple,image_618.jpg
619,Samsung,image_619.jpg
620,Apple,image_620.jpg
621,Samsung,image_621.jpg
622,Samsung,image_622.jpg
623,Samsung,image_623.jpg
624,Apple,image_624.jpg
625,Samsung,image_625.jpg
626,Poco,image_626.jpg
627,Xiaomi,image_627.jpg
628,Apple,image_628.jpg
629,Apple,image_629.jpg
630,Xiaomi,image_630.jpg
631,Xiaomi,image_631.jpg
632,Xiaomi,image_632.jpg
633,Xiaomi,image_633.jpg
634,Xiaomi,image_634.jpg
635,Apple,image_635.jpg
636,Apple,image_636.jpg
637,Xiaomi,image_637.jpg
638,Samsung,image_638.jpg
639,Samsung,image_639.jpg
640,Xiaomi,image_640.jpg
641,Apple,image_641.jpg
642,Samsung,image_642.jpg
643,OnePlus,image_643.jpg
644,Xiaomi,image_644.jpg
645,Samsung,image_645.jpg
646,Xiaomi,image_646.jpg
647,Samsung,image_647.jpg
648,Samsung,image_648.jpg
649,Samsung,image_649.jpg
650,OnePlus,image_650.jpg
651,OnePlus,image_651.jpg
652,Samsung,image_652.jpg
653,Samsung,image_653.jpg
654,Samsung,image_654.jpg
655,Nokia,image_655.jpg
656,Nokia,image_656.jpg
657,Nokia,image_657.jpg
658,Samsung,image_658.jpg
659,Nokia,image_659.jpg
660,Nokia,image_660.jpg
661,Nokia,image_661.jpg
662,Nokia,image_662.jpg
663,Nokia,image_663.jpg
664,OnePlus,image_664.jpg
665,Samsung,image_665.jpg
666,Samsung,image_666.jpg
667,Samsung,image_667.jpg
668,Xiaomi,image_668.jpg
669,Poco,image_669.jpg
670,Poco,image_670.jpg
671,Poco,image_671.jpg
672,Xiaomi,image_672.jpg
673,Xiaomi,image_673.jpg
674,Samsung,image_674.jpg
675,Samsung,image_675.jpg
676,Apple,image_676.jpg
677,Xiaomi,image_677.jpg
678,Xiaomi,image_678.jpg
679,Xiaomi,image_679.jpg
680,Xiaomi,image_680.jpg
681,Xiaomi,image_681.jpg
682,Xiaomi,image_682.jpg
683,Xiaomi,image_683.jpg
684,Xiaomi,image_684.jpg
685,Xiaomi,image_685.jpg
686,Xiaomi,image_686.jpg
687,Samsung,image_687.jpg
688,Redmi,image_688.jpg
689,Apple,image_689.jpg
690,Samsung,image_690.jpg
691,Xiaomi,image_691.jpg
692,Xiaomi,image_692.jpg
693,Xiaomi,image_693.jpg
694,Xiaomi,image_694.jpg
695,Xiaomi,image_695.jpg
696,Xiaomi,image_696.jpg
697,Redmi,image_697.jpg
698,Motorola,image_698.jpg
699,Nokia,image_699.jpg
700,Apple,image_700.jpg
701,Nokia,image_701.jpg
702,Apple,image_702.jpg
703,Xiaomi,image_703.jpg
704,Samsung,image_704.jpg
705,Apple,image_705.jpg
706,Apple,image_706.jpg
707,Apple,image_707.jpg
708,Apple,image_708.jpg
709,Apple,image_709.jpg
710,Apple,image_710.jpg
711,Apple,image_711.jpg
712,Apple,image_712.jpg
713,Apple,image_713.jpg
714,Apple,image_714.jpg
715,Motorola,image_715.jpg
716,Samsung,image_716.jpg
717,Samsung,image_717.jpg
718,Motorola,image_718.jpg
719,Xiaomi,image_719.jpg
720,Samsung,image_720.jpg
721,Samsung,image_721.jpg
722,Xiaomi,image_722.jpg
723,Xiaomi,image_723.jpg
724,Xiaomi,image_724.jpg
725,Xiaomi,image_725.jpg
726,OnePlus,image_726.jpg
727,OnePlus,image_727.jpg
728,Nokia,image_728.jpg
729,Nokia,image_729.jpg
730,Samsung,image_730.jpg
731,Xiaomi,image_731.jpg
732,Samsung,image_732.jpg
733,Xiaomi,image_733.jpg
734,Nokia,image_734.jpg
735,Samsung,image_735.jpg
736,Samsung,image_736.jpg
737,Nokia,image_737.jpg
738,Apple,image_738.jpg
739,Nokia,image_739.jpg
740,Nokia,image_740.jpg
741,Apple,image_741.jpg
742,Nokia,image_742.jpg
743,Nokia,image_743.jpg
744,Nokia,image_744.jpg
745,Xiaomi,image_745.jpg
746,Samsung,image_746.jpg
747,Xiaomi,image_747.jpg
748,Nokia,image_748.jpg
749,Apple,image_749.jpg
750,Apple,image_750.jpg
751,Samsung,image_751.jpg
752,Apple,image_752.jpg
753,Apple,image_753.jpg
754,Apple,image_754.jpg
755,Apple,image_755.jpg
756,Samsung,image_756.jpg
757,Apple,image_757.jpg
758,Apple,image_758.jpg
759,Samsung,image_759.jpg
760,Samsung,image_760.jpg
761,Xiaomi,image_761.jpg
762,Apple,image_762.jpg
763,Samsung,image_763.jpg
764,Nokia,image_764.jpg
765,Apple,image_765.jpg
766,Apple,image_766.jpg
767,Xiaomi,image_767.jpg
768,Apple,image_768.jpg
769,Apple,image_769.jpg
770,Xiaomi,image_770.jpg
771,Apple,image_771.jpg
772,Samsung,image_772.jpg
773,Xiaomi,image_773.jpg
774,Apple,image_774.jpg
775,Apple,image_775.jpg
776,Samsung,image_776.jpg
777,Samsung,image_777.jpg
778,Nokia,image_778.jpg
779,Samsung,image_779.jpg
780,Nokia,image_780.jpg
781,Xiaomi,image_781.jpg
782,Samsung,image_782.jpg
783,Samsung,image_783.jpg
784,Samsung,image_784.jpg
785,Samsung,image_785.jpg
786,Xiaomi,image_786.jpg
787,Xiaomi,image_787.jpg
788,Samsung,image_788.jpg
789,Samsung,image_789.jpg
790,Samsung,image_790.jpg
791,Samsung,image_791.jpg
792,Samsung,image_792.jpg
793,Samsung,image_793.jpg
794,Samsung,image_794.jpg
795,Nokia,image_795.jpg
796,Samsung,image_796.jpg
797,Nokia,image_797.jpg
798,Xiaomi,image_798.jpg
799,Xiaomi,image_799.jpg
