,Image_file,Labels,Model,Company
0,image_000.jpg,"Samsung SM-A156B Galaxy A15 Dual SIM 5G 4GB RAM 128GB Blue Black EU
",SM-A156B Galaxy,Samsung
1,image_001.jpg,"Samsung SM-A556B Galaxy A55 5G Dual SIM 8GB 128GB Awesome Lemon EU
",SM-A556B Galaxy,Samsung
2,image_002.jpg,"Motorola Moto G54 256GB Blue 5G Android Smartphone 6.5 Inches 12GB RAM 16MP
",Moto G54,Motorola
3,image_003.jpg,"Xiaomi 14 Ultra 5G 16GB/512GB White (White) Dual SIM
",14 Ultra,Xiaomi
4,image_004.jpg,"Samsung Galaxy S20 FE 5G 6GB/128GB Purple (Lavender) Dual SIM G781B
",Galaxy S20,Samsung
5,image_005.jpg,"Samsung Galaxy S22+ 5G 8GB/128GB Black (Phantom Black) Dual SIM SM-S906
",Galaxy S22+,Samsung
6,image_006.jpg,"Samsung Galaxy A55 Smartphone 128GB 5G Midnight Blue
",Galaxy A55,Samsung
7,image_007.jpg,"Samsung Smartphone Galaxy S20, 5G, 12GB + 128GB, Grey
",Smartphone Galaxy,Samsung
8,image_008.jpg,"Samsung Galaxy A03 Smartphone 64GB, 4GB RAM, Dual SIM, Blue
",Galaxy A03,Samsung
9,image_009.jpg,"SAMSUNG S20 ULTRA 128GB Phone - Cosmic gray
",S20 ULTRA,Samsung
10,image_010.jpg,"SAMSUNG - Smartphone Galaxy A14 5G Silver 6.6 IN 4GB 64GB Android 13
",- Smartphone,Samsung
11,image_011.jpg,"Samsung Galaxy Note Pack 20 5G - 6.7"" Display (AMOLED FHD+, 8GB RAM + 256GB Storage, Quad Rear Camera, 4300mAh Fast Charge 25W) Mystic Green [ES Version]
",Galaxy Note,Samsung
12,image_012.jpg,"Smartphone XIAOMI REDMIA3VERT
","XIAOMI REDMIA3VERT
",Xiaomi
13,image_013.jpg,"XIAOMI Redmi 9A 32GB 4G Granite Grey
",Redmi 9A,Xiaomi
14,image_014.jpg,"Samsung Galaxy A55 5G 128GB EE Navy
",Galaxy A55,Samsung
15,image_015.jpg,"SAMSUNG - Galaxy A32 5G 4GB/128GB Black (Black Awesome) Dual SIM
",- Galaxy,Samsung
16,image_016.jpg,"Samsung Galaxy Z Flip3 5G 8GB 128GB Phantom Black
",Galaxy Z,Samsung
17,image_017.jpg,"Samsung Galaxy S20 FE 5G 128GB/6GB G781 Dual SIM Verde
",Galaxy S20,Samsung
18,image_018.jpg,"Nokia XR20 5G 6GB/128GB Grey (Granite Gray) Dual SIM
",XR20 5G,Nokia
19,image_019.jpg,"SAMSUNG Galaxy S20 FE 5G - Smartphone 128GB, 6GB RAM, Dual SIM, Cloud Mint
",Galaxy S20,Samsung
20,image_020.jpg,"Samsung Galaxy S20 FE 6GB/128GB Blue (Cloud Navy) Dual SIM G780
",Galaxy S20,Samsung
21,image_021.jpg,"Xiaomi 14 Ultra 5G 16/512GB MZB0G86EU
",14 Ultra,Xiaomi
22,image_022.jpg,"Samsung A41 Dual SIM 64GB
",A41 Dual,Samsung
23,image_023.jpg,"Samsung Galaxy A41 4GB/64GB Black (Prism Crush Black) Dual SIM A415
",Galaxy A41,Samsung
24,image_024.jpg,"SAMSUNG Galaxy S21 Ultra 5G 128GB, Black
",Galaxy S21,Samsung
25,image_025.jpg,"SAMSUNG - Galaxy A52S 5G 6GB/128GB Black (Black Awesome) Dual SIM SM-A528B
",- Galaxy,Samsung
26,image_026.jpg,"Xiaomi Redmi Note 10 Pro 6GB/64GB Grey (Onyx Grey) Dual SIM M2101K6G
",Redmi Note,Xiaomi
27,image_027.jpg,"Samsung Galaxy A52 5G Smartphone 128GB, 6GB RAM, Dual Sim, Black
",Galaxy A52,Samsung
28,image_028.jpg,"Motorola Moto E20 Smartphone 32 GB, 2 GB RAM, Dual SIM, Graphite Grey
",Moto E20,Motorola
29,image_029.jpg,"Samsung Galaxy A52s 5G 128GB Awesome Mint Dual SIM
",Galaxy A52s,Samsung
30,image_030.jpg,"Samsung Galaxy A52S 5G 6GB / 128GB Green (Awesome Mint) Dual SIM SM-A528B
",Galaxy A52S,Samsung
31,image_031.jpg,"Motorola e30 2/32gb mineral grey
",e30 2/32gb,Motorola
32,image_032.jpg,"Motorola e20 2/32gb coastal blue
",e20 2/32gb,Motorola
33,image_033.jpg,"Samsung Galaxy S21+ 5G SM-G996B 17 cm (6.7"") Dual SIM Android 11 USB Type-C 8 GB 128 GB 4800 mAh Black
",Galaxy S21+,Samsung
34,image_034.jpg,"Xiaomi Redmi 10 (2022) - Smartphone 64GB, 4GB RAM, Dual Sim, Pebble White
",Redmi 10,Xiaomi
35,image_035.jpg,"Samsung Galaxy S21 Plus 5G 8GB/256GB Black (Phantom Black) Dual SIM G996
",Galaxy S21,Samsung
36,image_036.jpg,"Nokia G11 Smartphone 6.5"" [6.5] Dual SIM Android 11 4G USB Type-C 3GB 32GB 5050mAh Carbon Vegetal (G11 3/32GB D.SIM â€“ CHA
",G11 Smartphone,Nokia
37,image_037.jpg,"SAMSUNG galaxy s21 128gb grey
",galaxy s21,Samsung
38,image_038.jpg,"Xiaomi Xia Redmi Note 10 Pro 64-6-4G-bu | Xia Redmi Note 10 Pro 64GB/6GB Blue
",Xia Redmi,Xiaomi
39,image_039.jpg,"Samsung Galaxy S21 Plus 5G 8GB/256GB Purple (Phantom Purple) Dual SIM G996
",Galaxy S21,Samsung
40,image_040.jpg,"Smartphone Xiaomi Redmi Note 11 64GB Blue
",Xiaomi Redmi,Xiaomi
41,image_041.jpg,"Samsung Galaxy S21 Plus 5G 8GB/128GB Black (Phantom Black) Dual SIM G996
",Galaxy S21,Samsung
42,image_042.jpg,"Xiaomi Mobile Phone Poco M5S 256GB ROM 8GB RAM Blue
",Mobile Phone,Xiaomi
43,image_043.jpg,"Samsung Galaxy Z Flip4, 5G Mobile Phone, SIM Card Not Included, Android, Folding Smartphone, 512 GB, Rose Gold, Free 12 Month Warranty Extension [Amazon Exclusive] â€“ FR Version
",Galaxy Z,Samsung
44,image_044.jpg,"Nokia XR20, 6.67 Full HD+ Screen, Dual Camera 48MP with ZEISS Optics, Fast Charging 15W Wireless and 18W, RAM 4GB/64GB ROM, Can Be Used with Wet Hands and Gloves â€“ Black
","XR20, 6.67",Nokia
45,image_045.jpg,"Motorola Edge 20 Smartphones, 108MP, 5G, 6.7 Inch Display 144Hz HDR10+ OLED FullHD+, Qualcomm Snapdragon 778G, 30x Super Zoom, 4000mAh, Dual SIM, 6/128GB, Android 11, Grey (Frosted Grey)
",Edge 20,Motorola
46,image_046.jpg,"Samsung Galaxy A52s 5G 6GB/128GB Black (Awesome Black) Dual SIM SM-A528B Enterprise Edition
",Galaxy A52s,Samsung
47,image_047.jpg,"Motorola Moto G50 Smartphone (6.5 Inch Max Vision HD+, Qualcomm Snapdragon 480 2.0GHz Octa-Core, 48MP Triple Camera, 5000mAh Battery, Dual SIM, 4/64GB, Android 11), Steel Grey
",Moto G50,Motorola
48,image_048.jpg,"Xiaomi Redmi 12 Black 4GB + 128GB [Global Version]
",Redmi 12,Xiaomi
49,image_049.jpg,"Samsung Galaxy S22 Ultra, 5G Mobile Phone 256GB Black, SIM Card Not Included, Android Smartphone, FR Version
",Galaxy S22,Samsung
50,image_050.jpg,"Nokia X30 5G Smartphone 128GB, 6GB RAM, 50MP Dual Camera, 6.43"" AMOLED FHD+ Display, Android 12, 4200mAh Battery, Dual Sim, Blue, Version with Extra USB Type-C Cable
",X30 5G,Nokia
51,image_051.jpg,"Nokia G60 5G Smartphone 128 GB 16.7 cm (6.58"") Black Android 12 Dual SIM
",G60 5G,Nokia
52,image_052.jpg,"Samsung - Mobile Phone Galaxy A33 5G 6GB/128GB Black (Awesome Black) Dual SIM A336
",- Mobile,Samsung
53,image_053.jpg,"XIAOMI REDMI NOTE 12 PRO 6128GB DS 4G GRAPHITE GRAY OEM
",REDMI NOTE,Xiaomi
54,image_054.jpg,"Samsung Galaxy S23 S911B 5G Dual Sim EU 128GB Android Phantom Black
",Galaxy S23,Samsung
55,image_055.jpg,"SAMSUNG - Galaxy A53 5G 6GB/128GB Blue (Blue Awesome) Dual SIM A536B
",- Galaxy,Samsung
56,image_056.jpg,"Motorola Edge 30 5G, Dual, 256GB 8GB Ram, Meteor Grey
",Edge 30,Motorola
57,image_057.jpg,"Samsung Galaxy S23 Ultra S918B 5G Dual Sim EU 256GB Android Phantom Black
",Galaxy S23,Samsung
58,image_058.jpg,"Samsung - Smartphone S21 FE 5G Dual SIM 128 GB
",- Smartphone,Samsung
59,image_059.jpg,"Samsung Galaxy S22 Ultra 8Gb128Gb SMS908BDS White
",Galaxy S22,Samsung
60,image_060.jpg,"SAMSUNG Galaxy A53 128GB 5G Black
",Galaxy A53,Samsung
61,image_061.jpg,"Nokia C02 5.45 inch Android 12 (Go-Edition) Dual SIM Smartphone - 5.45 inch Rear Camera - Portrait Mode, 2GB RAM/32GB ROM, Rugged Construction with IP52 Rating, 3000mAh Battery - Cya
",C02 5.45,Nokia
62,image_062.jpg,"SAMSUNG Galaxy A04S, Mobile Phone 4G 6.5"", 32GB, SIM Card Not Included, Android, FR Version, Black
","Galaxy A04S,",Samsung
63,image_063.jpg,"Xiaomi Redmi 12C 6GB/128GB Grey (Graphite Grey) Dual SIM 22126RN91Y
",Redmi 12C,Xiaomi
64,image_064.jpg,"Xiaomi Redmi Note 11S 6Gb128Gb NFC Blue
",Redmi Note,Xiaomi
65,image_065.jpg,"Xiaomi Redmi Note 10 pro 6gb128gb Bronze
",Redmi Note,Xiaomi
66,image_066.jpg,"Xiaomi Poco X5 Pro 5G Dual Sim 8GB RAM 256GB - Black EU
",Poco X5,Xiaomi
67,image_067.jpg,"SAMSUNG - Galaxy A53 5G 6GB/128GB Black (Black Awesome) Dual SIM A536B
",- Galaxy,Samsung
68,image_068.jpg,"Samsung Galaxy A33, 5G Mobile Phone 128GB Black, SIM Card Not Included, Android Smartphone, FR Version
","Galaxy A33,",Samsung
69,image_069.jpg,"Nokia G22 6.52"" HD+ Dual SIM Smartphone, Android 12, 50MP AI-Powered Camera, 3-Day Battery, 4GB/128GB Storage, 3 Year Monthly Security, 3-Year Warranty - Blue
","G22 6.52""",Nokia
70,image_070.jpg,"Xiaomi Redmi 10 4GB128GB NFC Gray
",Redmi 10,Xiaomi
71,image_071.jpg,"Xiaomi Redmi A1 Dual SIM 2GB RAM 32GB Light Green EU
",Redmi A1,Xiaomi
72,image_072.jpg,"Redmi Note 13 Black 8GB + 256GB
",Note 13,Redmi
73,image_073.jpg,"Samsung Galaxy A55 Smartphone 256GB 5G Midnight Blue
",Galaxy A55,Samsung
74,image_074.jpg,"Xiaomi Redmi Note 13 Pro Smartphone, 5G, 8+256GB, 6.67 inch Display, 1.5K 120Hz AMOLED Display, Snapdragon 7s, 200MP Ultra Clear Camera with OIS, 5100mAh, 67W Turbo Charging, Blue
",Redmi Note,Xiaomi
75,image_075.jpg,"Xiaomi Redmi Note 13 Pro 5G 8GB/256GB Purple (Aurora Purple) Dual SIM
",Redmi Note,Xiaomi
76,image_076.jpg,"XIAOMI - Redmi Note 13 Pro - 512GB - Midnight Black
",- Redmi,Xiaomi
77,image_077.jpg,"Redmi Note 13 Blue 8GB + 256GB
",Note 13,Redmi
78,image_078.jpg,"Xiaomi Redmi Note 13 Pro+ 5G 12GB/512GB Black (Midnight Black) Dual SIM
",Redmi Note,Xiaomi
79,image_079.jpg,"Xiaomi Poco X6 Pro 5G Smartphone + Headphones, 12+512 Mobile Phone Without Contract, 64MP OIS Triple Camera, Yellow (BE Version + 2 Year Guarantee)
",Poco X6,Xiaomi
80,image_080.jpg,"Xiaomi Redmi Note 13 Pro 16.9 cm (6.67"") Dual SIM Android 13 4G USB Type-C 8 GB 256 GB 5000 mAh Black
",Redmi Note,Xiaomi
81,image_081.jpg,"Xiaomi Redmi Note 13 Pro+ 5G Smartphone + Headphones, 2.8GHz 12GB+512GB Black (BE Version + 2 Year Warranty)
",Redmi Note,Xiaomi
82,image_082.jpg,"Xiaomi Redmi Note 13 Pro 5G Smartphone + Headphones, 12GB+512GB Black (BE Version + 2 Year Warranty)
",Redmi Note,Xiaomi
83,image_083.jpg,"Xiaomi Redmi Note 13 5G Smartphone + Headphones, 8GB+256GB Blue (BE Version + 2 Year Warranty)
",Redmi Note,Xiaomi
84,image_084.jpg,"SAMSUNG galaxy a14 4g black 128gb
",galaxy a14,Samsung
85,image_085.jpg,"Xiaomi Redmi Note 13 Pro 4G Smartphone + Headphones, 2.2GHz 8GB+256GB Purple (BE Version + 2 Year Warranty)
",Redmi Note,Xiaomi
86,image_086.jpg,"Xiaomi Redmi Note 13 Smartphone + Headphones, 6GB+128GB Blue (BE Version + 2 Year Warranty)
",Redmi Note,Xiaomi
87,image_087.jpg,"Xiaomi 13T Pro, AMOLED 144Hz, 12+512GB, Leica Camera, black
","13T Pro,",Xiaomi
88,image_088.jpg,"Xiaomi POCO M6 Pro, TÃ©lÃ©phone Mobile 8/256Go Violet, Carte SIM non Incluse, Smartphone Android, Version FR
",POCO M6,Xiaomi
89,image_089.jpg,"Samsung SAMSUNG Galaxy A35 6.6 Inch Octa Core Smartphone 8GB RAM 256GB Blue
",SAMSUNG Galaxy,Samsung
90,image_090.jpg,"Xiaomi Redmi Note 13 Pro 5G 512GB (Midnight Black, Android 13, 5G, 12 GB LPDDR4X)
",Redmi Note,Xiaomi
91,image_091.jpg,"Xiaomi Redmi 14C 4G 4GB/128GB Blue (Starry Blue) Dual SIM
",Redmi 14C,Xiaomi
92,image_092.jpg,"Redmi Note 13 256GB (Mint Green, Android 13, LTE)
",Note 13,Redmi
93,image_093.jpg,"Xiaomi Poco X6 5G Smartphone + Headphones, 8+256 Cell Phone Without Contract, 64MP OIS Triple Camera, Grayish Blue (BE Version + 2 Year Warranty)
",Poco X6,Xiaomi
94,image_094.jpg,"Xiaomi Poco X6 Pro 5G 12GB/512GB Grey (Gray) Dual SIM
",Poco X6,Xiaomi
95,image_095.jpg,"SAMSUNG Galaxy S21 Ultra 5G 128GB, Black
",Galaxy S21,Samsung
96,image_096.jpg,"Samsung Galaxy A35 5G, Dual, 256GB 8GB RAM, Navy Blue
",Galaxy A35,Samsung
97,image_097.jpg,"Samsung S901B/DS Galaxy S22 5G, Dual, 128GB 8GB RAM, Phantom Black
",S901B/DS Galaxy,Samsung
98,image_098.jpg,"Xiaomi POCO C65 8GB/256GB Purple (Purple) Dual SIM
",POCO C65,Xiaomi
99,image_099.jpg,"Samsung SAMSUNG Galaxy A50 128GB Mobile Phone, Blue, Blue, Android 9.0 (Pie), Dual SIM
",SAMSUNG Galaxy,Samsung
100,image_100.jpg,"Samsung SM-A356B Galaxy A35 5G Dual SIM 8GB RAM 256GB Awesome Lilac EU
",SM-A356B Galaxy,Samsung
101,image_101.jpg,"Samsung Galaxy S10+ â€“ Unlocked 4G Smartphone (Screen: 6.4 Inches â€“ Dual SIM â€“ 128GB â€“ Android) â€“ Black
",Galaxy S10+,Samsung
102,image_102.jpg,"Samsung Galaxy A12 Smartphone Black 64GB A125F Dual SIM Android 10.0
",Galaxy A12,Samsung
103,image_103.jpg,"SAMSUNG G991 Galaxy S21 5G 128GB Phantom Gray
",G991 Galaxy,Samsung
104,image_104.jpg,"Nokia 7.2 Smartphone 64GB, 4GB RAM, Dual Sim, Charcoal Black
",7.2 Smartphone,Nokia
105,image_105.jpg,"SAMSUNG Galaxy Note 10 Plus Aura Glow Mobile Phone - 6.8 Inches/17.3 cm - CAM (12+16+12)/10MPX - OC - 256 GB - 12 GB RAM - 4G - Dual
",Galaxy Note,Samsung
106,image_106.jpg,"Samsung Galaxy Note 10 8GB/256GB Aura Glow Dual SIM N970
",Galaxy Note,Samsung
107,image_107.jpg,"Samsung Galaxy S21 5G 8GB/256GB Purple (Phantom Purple) Dual SIM G991
",Galaxy S21,Samsung
108,image_108.jpg,"Xiaomi Redmi Note 10 5G 16.5 cm (6.5"") Dual SIM Android 11 USB Type-C 4 GB 128 GB 5000 mAh Grey
",Redmi Note,Xiaomi
109,image_109.jpg,"Samsung Galaxy S10 Plus 8GB/128GB White Dual SIM G975
",Galaxy S10,Samsung
110,image_110.jpg,"Samsung Galaxy A40 5.9 Inch FHD+ sAmoled Infinity U Display Smartphone (4GB RAM, 64GB ROM, 16MP, Exynos 7904, Fast Charging), Black
",Galaxy A40,Samsung
111,image_111.jpg,"Nokia 105 (2017) Black (Black) Dual SIM
",105 (2017),Nokia
112,image_112.jpg,"Samsung Keystone 2 GT-E1205Y Black SIM Free
",Keystone 2,Samsung
113,image_113.jpg,"Xiaomi Redmi 12 Smartphone, MediaTek G88 Processor, 50MP Main Camera, 90Hz FHD+ Display, 5000mAh Battery (8+256GB Black)
",Redmi 12,Xiaomi
114,image_114.jpg,"Samsung Galaxy A70 â€“ 4G Smartphone (6.7 Inches â€“ 128GB â€“ 6 GB RAM) â€“ Blue â€“ Other Version
",Galaxy A70,Samsung
115,image_115.jpg,"Samsung Galaxy Note 10 8GB/256GB Black Dual SIM N970
",Galaxy Note,Samsung
116,image_116.jpg,"Samsung Galaxy S22 5G 128GB Bora Purple EU [15.39cm (6.1"") OLED Display, Android 12, 50MP Triple-Kamera]
",Galaxy S22,Samsung
117,image_117.jpg,"Samsung Galaxy S10 8GB / 128GB Dual SIM G973 Unprinted
",Galaxy S10,Samsung
118,image_118.jpg,"SAMSUNG - Galaxy S21 Plus 5G 8GB/128GB Purple (Phantom Purple) Dual SIM G996
",- Galaxy,Samsung
119,image_119.jpg,"Xiaomi Redmi 10C 3 GB RAM 64 GB Mint Green
",Redmi 10C,Xiaomi
120,image_120.jpg,"Samsung Galaxy A53 5G 256GB Black
",Galaxy A53,Samsung
121,image_121.jpg,"Apple iPhone 12 Mini, 64GB, Green Green One
",iPhone 12,Apple
122,image_122.jpg,"Apple iPhone 13 128GB 6.1"" Midnight ITA MLPF3QL/A
",iPhone 13,Apple
123,image_123.jpg,"Apple iPhone 13 128GB 6.1"" Starlight ITA MLPG3QL/A
",iPhone 13,Apple
124,image_124.jpg,"Apple iPhone 12 Pro Cell Phone 128GB MGMM3QL/A Gold Italy
",iPhone 12,Apple
125,image_125.jpg,"Apple iPhone 12 64GB Blue EU
",iPhone 12,Apple
126,image_126.jpg,"Apple iPhone 14 (128 Go) - Jaune
",iPhone 14,Apple
127,image_127.jpg,"Apple iPhone 14 Plus (512 Go) - Jaune
",iPhone 14,Apple
128,image_128.jpg,"Samsung Milwaukee A047F Galaxy A04s Unlocked 32GB/3GB RAM Dual SIM Green
",Milwaukee A047F,Samsung
129,image_129.jpg,"Samsung Galaxy S21 Plus 5G 8GB/128GB Black (Phantom Black) Dual SIM G996
",Galaxy S21,Samsung
130,image_130.jpg,"Samsung Galaxy S21 5G SM-G991B 15.8 cm (6.2"") Dual SIM Android 11 USB Type-C 8 GB 128 GB 4000 mAh Purple
",Galaxy S21,Samsung
131,image_131.jpg,"Samsung Galaxy A72 6GB/128GB Blue (Blue Impressive) Dual SIM
",Galaxy A72,Samsung
132,image_132.jpg,"Xiaomi Redmi 10 Smartphone, 4GB RAM + 64GB ROM, 6.5"" FHD + DotDisplay, MediaTek Helio G88 Octa-Core, Quad 50MP AI Camera and 8MP Front Camera (4GB+64GB, Grey)
",Redmi 10,Xiaomi
133,image_133.jpg,"Motorola Moto G54 256GB Light Blue 5G Android Smartphone 6.5 Inches 8GB RAM 12MP
",Moto G54,Motorola
134,image_134.jpg,"Samsung A136B, All Carriers, 4GB, Galaxy A13 5G 64GB/4GB RAM, Dual SIM, White
","A136B, All",Samsung
135,image_135.jpg,"Samsung Galaxy A52 6GB/128GB Blue (Awesome Blue) Dual SIM A525F
",Galaxy A52,Samsung
136,image_136.jpg,"Samsung Galaxy S21 G991 5G Dual SIM 6GB RAM 128GB - Grey EU
",Galaxy S21,Samsung
137,image_137.jpg,"Samsung Galaxy S21 5G SM-G991B 15.8 cm (6.2"") Dual SIM Android 11 USB Type-C 8 GB 256 GB 4000 mAh Purple
",Galaxy S21,Samsung
138,image_138.jpg,"Samsung Galaxy A12 4GB/128GB White Dual SIM A125F
",Galaxy A12,Samsung
139,image_139.jpg,"Samsung Galaxy S21 5G 8GB/128GB White (Phantom White) Dual SIM G991
",Galaxy S21,Samsung
140,image_140.jpg,"NOKIA Mobile Phone 150 (2020) Dual SIM, 2.4"" Screen, Camera, FM Radio, MP3 Player, Expandable MicroSD up to 32GB, Red
",Mobile Phone,Nokia
141,image_141.jpg,"Samsung Galaxy A21s 3GB/32GB White Dual SIM A217
",Galaxy A21s,Samsung
142,image_142.jpg,"Samsung Galaxy S20 Cosmic Gray G980F Dual SIM 128GB Android 10.0 Smartphone
",Galaxy S20,Samsung
143,image_143.jpg,"Xiaomi M9LITE 6+128GB White EU
",M9LITE 6+128GB,Xiaomi
144,image_144.jpg,"Samsung Smartphone Galaxy S9+ (6.2 inches) 64 GB internal memory, dual sim) â€“ German version
",Smartphone Galaxy,Samsung
145,image_145.jpg,"Xiaomi Poco C40 Unlocked 3+32GB DS 4G Power Black OEM
",Poco C40,Xiaomi
146,image_146.jpg,"SAMSUNG Free phone S20 FE 4G G780 6/128 Lavan
",Free phone,Samsung
147,image_147.jpg,"Apple iPhone 12 6.1 inch 64GB Green Europe
",iPhone 12,Apple
148,image_148.jpg,"Samsung Galaxy Mega GT-i9205 6.3 inch Cortex A15 Dual Core 1.7 GHz 1.5 GB RAM 8 MP Camera Android 4.2 Black
",Galaxy Mega,Samsung
149,image_149.jpg,"Samsung E1272 - Mobile Phone, Black
",E1272 -,Samsung
150,image_150.jpg,"Samsung Galaxy Core Prime SM-G360F 8GB 4G Unlocked Movistar Smartphone (Android, SIM Only, MicroSIM, GSM, UMTS, WCDMA, LTE) â€“ Silver
",Galaxy Core,Samsung
151,image_151.jpg,"Samsung E1272 1.7 Inch 83g Red Mobile Phones (Dual SIM, Alarm Clock, Calculator, Calendar, Notes, 2G, Micro-USB A, MP3, 160 x 128 pixels)
",E1272 1.7,Samsung
152,image_152.jpg,"Samsung G900 Galaxy S5 Smartphone 16GB Black [Italy]
",G900 Galaxy,Samsung
153,image_153.jpg,"Samsung Galaxy S5 Unlocked Smartphone 4G (Screen: 5.1 Inches â€“ 16 GB â€“ Android 4.4.2 KitKat) Black
",Galaxy S5,Samsung
154,image_154.jpg,"Samsung Galaxy S5 Smartphone (5.1 Inch) Touch Screen, Quad-Core 2.5GHz Processor, 2GB RAM, 16MP Camera, Android 4.4 OS) - White [T-Mobile Marking]
",Galaxy S5,Samsung
155,image_155.jpg,"Samsung Galaxy A3 A300FU LTE 16GB White Unlocked
",Galaxy A3,Samsung
156,image_156.jpg,"Samsung Galaxy Note Edge Smartphone with 5.6 Inch Touch Screen, 32 GB Memory, Android 4.4, Charcoal Black
",Galaxy Note,Samsung
157,image_157.jpg,"Samsung Galaxy Alpha 4.7"" Super AMOLED Octa-Core Processor 12MP Android Camera Gold
",Galaxy Alpha,Samsung
158,image_158.jpg,"POCO C40 3+32GB DS 4G POCO YELLOW OEM
",C40 3+32GB,Poco
159,image_159.jpg,"Samsung Galaxy Xcover 3 4.5 Inch Mobile Phone with Touch Screen 8GB Memory, Android 4.4, Dark Silver
",Galaxy Xcover,Samsung
160,image_160.jpg,"Samsung E1272 - Mobile Phone, White
",E1272 -,Samsung
161,image_161.jpg,"Samsung Galaxy Note Edge Smartphone with 5.6 Inch Super AMOLED Display, 2.7 GHz Quad-Core Processor, 32 GB Internal Memory, 16 MP Camera, Android 4.4 Frosted White
",Galaxy Note,Samsung
162,image_162.jpg,"Galaxy S5 Mini Samsung Galaxy S5 Mini Smartphone (4.5 Inch) Touch Screen, 8 Megapixel Camera, 1.4 GHz Quad-Core Processor, Android 4.4 Black [EU Version]
",S5 Mini,Samsung
163,image_163.jpg,"Motorola Moto G (2nd Gen XT1068) 8GB White
",Moto G,Motorola
164,image_164.jpg,"SAMSUNG S5 4G 16GB
",S5 4G,Samsung
165,image_165.jpg,"Samsung Galaxy S5 Smartphone (5.1 Inch Touch Screen) 2.5GHz Quad Core Processor, 2GB RAM, 16MP Camera, Android 4.4 OS) - Black [EU Version]
",Galaxy S5,Samsung
166,image_166.jpg,"Samsung Galaxy S5 Unlocked Smartphone 4G (Screen: 5.1 Inches â€“ 16 GB â€“ Android 4.4.2 KitKat) White
",Galaxy S5,Samsung
167,image_167.jpg,"Samsung Galaxy S5 Smartphone with 5.1 Inch Touch Screen, 2.5GHz Quad-Core Processor, 2GB RAM, 16MP Camera, Android 4.4 OS Black [T-Mobile Brand]
",Galaxy S5,Samsung
168,image_168.jpg,"Samsung Galaxy S22 Ultra, 5G Mobile Phone 128GB Black, SIM Card Not Included, Android Smartphone, FR Version
",Galaxy S22,Samsung
169,image_169.jpg,"Samsung Galaxy S6 Edge Unlocked Smartphone 4G (32 GB - 5.1 Inch Screen, Single SIM - Android 5.0 Lollipop) Black
",Galaxy S6,Samsung
170,image_170.jpg,"Samsung Galaxy S6 Edge Smartphone (5.1 Inches), Touch Screen, 32GB Memory, Android 5.0, Black [T-Mobile Brand]
",Galaxy S6,Samsung
171,image_171.jpg,"Samsung Galaxy S6 Edge Unlocked Android Smartphone (5.1 Inch Screen, 16MP Camera, 128GB, Quad-Core 2.1GHz, 3GB RAM, White [Spanish Model]
",Galaxy S6,Samsung
172,image_172.jpg,"Sam Galaxy A13 EU-DS-64-4-5G-WH SAMSUNG Galaxy A13 5G EU 64/4GB White
",Galaxy A13,Samsung
173,image_173.jpg,"Xiaomi Xia Poco X4 GT 128-8-5G sr X4 GT 128G Silver
",Xia Poco,Xiaomi
174,image_174.jpg,"Samsung S6 Edge Tim G925F
",S6 Edge,Samsung
175,image_175.jpg,"Samsung Galaxy S6 Edge Unlocked Android Smartphone (5.1 Inch Screen, 16MP Camera, 32GB, Quad-Core 2.1GHz, 3GB RAM, Black (Imported from Italy)
",Galaxy S6,Samsung
176,image_176.jpg,"Samsung Galaxy S6 Edge Unlocked Smartphone 4G (Screen: 5.1 Inches - 32GB - Nano SIM Card - Android Lollipop 5) White (Imported from Europe)
",Galaxy S6,Samsung
177,image_177.jpg,"SAMSUNG S6 Edge 32 GB
",S6 Edge,Samsung
178,image_178.jpg,"Samsung Galaxy S6 Edge Smartphone (5.1 Inch Touch Screen), 32GB Memory, Android 5.0 White [T-Mobile Brand]
",Galaxy S6,Samsung
179,image_179.jpg,"Samsung Galaxy S6 Smartphone (5.1 Inches), Touch Screen, 32GB Memory, Android 5.0 White [T-Mobile Brand]
",Galaxy S6,Samsung
180,image_180.jpg,"Samsung Galaxy S6 Edge Unlocked Android Smartphone 5.1"" Screen 16MP 32GB Quad-Core 2.1GHz 3GB RAM Gold
",Galaxy S6,Samsung
181,image_181.jpg,"Motorola Moto G62 5G 6.5"" FHD+ 6/128GB Grey
",Moto G62,Motorola
182,image_182.jpg,"Samsung SM-M536 Galaxy M55 Dual SIM 5G 8GB RAM 128GB Green EU
",SM-M536 Galaxy,Samsung
183,image_183.jpg,"Samsung Galaxy S7 Edge Smartphone (5.5 inches, 32 GB internal memory)
",Galaxy S7,Samsung
184,image_184.jpg,"Samsung Galaxy S7 Edge Unlocked Smartphone 5.5 Inches (Android 6.0, Dual Edge Super AMOLED Display, 12MP Rear Camera and Front 5.5 MP, 32 GB) [Spanish Version: Includes Pay] Gold
",Galaxy S7,Samsung
185,image_185.jpg,"Samsung G935 Galaxy S7 Smartphone, LTE, 5.1"" SAMOLED Display, 32GB Internal Memory, 4GB RAM, Black, Tim [Italy]
",G935 Galaxy,Samsung
186,image_186.jpg,"Galaxy S7 Edge Smartphone Pink
",S7 Edge,Samsung
187,image_187.jpg,"Sam Galaxy A52s EE-128-6-5G-bk | Samsung Galaxy A52s DS EE 128/6 Black
",Galaxy A52s,Samsung
188,image_188.jpg,"Samsung Galaxy A5 2017 Unlocked 4G Smartphone (Screen: 5.2 Inches â€“ 32 GB â€“ Nano-SIM â€“ Android 6.0) Blue (European SIM Card Only)
",Galaxy A5,Samsung
189,image_189.jpg,"Samsung SM-A520F Galaxy A5 (2017) 32GB Black Sky EU
",SM-A520F Galaxy,Samsung
190,image_190.jpg,"Samsung Galaxy XCover 3 VE Unlocked Smartphone 4G (Screen: 4.5 Inches â€“ 8 GB â€“ Single Micro-SIM â€“ Android) Dark Silver
",Galaxy XCover,Samsung
191,image_191.jpg,"Samsung Galaxy S7 Edge Unlocked Smartphone 4G 5.5 Inch 32GB 4GB RAM Android Black
",Galaxy S7,Samsung
192,image_192.jpg,"Samsung SM-A556B Galaxy A55 5G Dual SIM 8GB 128GB Awesome Navy EU
",SM-A556B Galaxy,Samsung
193,image_193.jpg,"Galaxy A55 5G 256GB, Handy Awesome Lemon, Android 14.8 GB
",A55 5G,Samsung
194,image_194.jpg,"Samsung Galaxy S24 Smartphone 128GB Indigo
",Galaxy S24,Samsung
195,image_195.jpg,"Samsung Galaxy A15 4G Yellow 128GB
",Galaxy A15,Samsung
196,image_196.jpg,"Samsung A15 SM-A156B 4+128GB DS 5G Blue OEM
",A15 SM-A156B,Samsung
197,image_197.jpg,"Samsung Galaxy Xcover 4 Smartphone (5 inch touch screen) 16 GB memory, Android 7.0 Nougat) Black
",Galaxy Xcover,Samsung
198,image_198.jpg,"Xiaomi Redmi Note 12 5G 128GB/4GB Dual-SIM onyx-grey
",Redmi Note,Xiaomi
199,image_199.jpg,"Nokia X3 (Ovi, Ultra-Short Wave Radio, 3.2 MP) Mobile Phone Without Contract, Branding, Unlocked Red/Black
","X3 (Ovi,",Nokia
200,image_200.jpg,"ATI Xiaomi Redmi Note 12 Pro 5G Smartphone, 8GB RAM, 128GB ROM, Midnight Black
",Xiaomi Redmi,Xiaomi
201,image_201.jpg,"Xiaomi Smartphone Redmi Note 13 6.67"" 8 GB RAM 256 GB Black
",Smartphone Redmi,Xiaomi
202,image_202.jpg,"Xiaomi POCO C65 6GB/128GB Purple (Purple) Dual SIM
",POCO C65,Xiaomi
203,image_203.jpg,"Xiaomi Smartphone Redmi Note 13 6.67"" 6 GB RAM 128 GB Blue
",Smartphone Redmi,Xiaomi
204,image_204.jpg,"SAMSUNG Galaxy S23 Smartphone Green 6.1"" 256GB Octa Core 8GB RAM
",Galaxy S23,Samsung
205,image_205.jpg,"Samsung Galaxy J5 (2017) SM-J530F 5.2"" 2GB 16GB 4G Black 3000mAh (Refurbished)
",Galaxy J5,Samsung
206,image_206.jpg,"Samsung Galaxy S8 LTE 64GB SM-G950F Blue SIM Free
",Galaxy S8,Samsung
207,image_207.jpg,"Samsung Galaxy S8+ Mobile Phone Blue
",Galaxy S8+,Samsung
208,image_208.jpg,"Samsung Galaxy S8 Smartphone, 64 GB, Orchid Grey, German Version (Refurbished)
",Galaxy S8,Samsung
209,image_209.jpg,"Samsung Galaxy S8+ VODAFONE
",Galaxy S8+,Samsung
210,image_210.jpg,"Samsung 356430 Smartphone Galaxy S8 (5.8 Inch Screen) 64 GB, Android 7.0 Nougat) Black
",356430 Smartphone,Samsung
211,image_211.jpg,"Samsung Galaxy S8 Black (Midnight Black) Single SIM G950
",Galaxy S8,Samsung
212,image_212.jpg,"Moto G 5Âª GeneraciÃ³n Plus - Android 7 Free Smartphone (5.2 Inch Trousers, Full HD, 4G, 12MP Dual Pixel, 3GB RAM, 32GB, Qualcomm Snapdragon 2.0GHz), Color Dorado
",G 5Âª,Motorola
213,image_213.jpg,"Nokia 6500 Classic Black On Vodafone PAYG Mobile Phone Black
",6500 Classic,Nokia
214,image_214.jpg,"Samsung Z Flip6 256GB Yellow EU
",Z Flip6,Samsung
215,image_215.jpg,"Nokia G22 TA-1528 DS 4/64 EURO1 Blue
",G22 TA-1528,Nokia
216,image_216.jpg,"Samsung Galaxy A15 5G Smartphone 128GB Lime
",Galaxy A15,Samsung
217,image_217.jpg,"SAMSUNG Compatible with Galaxy S22 5G Green 128GB
",Compatible with,Samsung
218,image_218.jpg,"Samsung Galaxy S21 FE 5G, Android Smartphone, 6.4 Zoll Dynamic AMOLED Display, 4.500 mAh Akku, 128 GB/6 GB RAM, Handy in Graphite, inkl. 36 Monate Manufacturer Warranty [Exclusive to Amazon]
",Galaxy S21,Samsung
219,image_219.jpg,"Samsung Galaxy A8 Vodafone 0706901 Samsung SM.ph.Samsung gal A8 Black
",Galaxy A8,Samsung
220,image_220.jpg,"Galaxy A8 (2018) Dual SIM 32GB SM-A530F/DS Gold
",A8 (2018),Samsung
221,image_221.jpg,"Motorola Moto X4 32GB Black Dual SIM
",Moto X4,Motorola
222,image_222.jpg,"Samsung Galaxy Note 8 Midnight Black Sm-n950 F Italy
",Galaxy Note,Samsung
223,image_223.jpg,"SAMSUNG Galaxy S9 64GB (Single SIM) - Carbon Black - Android 8.0 - International Version (Refurbished)
",Galaxy S9,Samsung
224,image_224.jpg,"Samsung Galaxy S9 (5.8"", Wi-Fi, Bluetooth 64 GB, 4 GB RAM, Dual SIM, 12 MP, Android 8.0 Oreo), Blue - Other European Version
",Galaxy S9,Samsung
225,image_225.jpg,"Samsung SM-G960XZKAITV Smartphone SAMSUNG Galaxy S9 (6.2 Inches, Wi-Fi, Bluetooth 64 GB, 6 GB RAM, 12 MP, Android 8.0 Oreo) Black Italian Version
",SM-G960XZKAITV Smartphone,Samsung
226,image_226.jpg,"Samsung Galaxy S9 Smartphone (5.8 inch Touch Screen, 64GB Internal Memory, Android, Dual SIM) Italian Version, Midnight Black
",Galaxy S9,Samsung
227,image_227.jpg,"Samsung Galaxy S9 Smartphone (5.8 Inch Touch Screen, 64GB Internal Memory, Android, Single SIM) Purple Lilac
",Galaxy S9,Samsung
228,image_228.jpg,"Samsung Galaxy S9 64GB (Single SIM) - Blue - Android 8.0 - French Version
",Galaxy S9,Samsung
229,image_229.jpg,"Samsung SM-G965XZBAXEF Smartphone SAMSUNG Galaxy S9 Plus (6.2 Inches, Wi-Fi, Bluetooth 64 GB, 6 GB RAM, 12 MP, Android 8.0 Oreo) Blue â€“ French Version
",SM-G965XZBAXEF Smartphone,Samsung
230,image_230.jpg,"Samsung Galaxy S9 G960F Dual Sim 64GB 4GB RAM LTE Blue Polaris
",Galaxy S9,Samsung
231,image_231.jpg,"Samsung Galaxy S9 Smartphone (5.8 Inch Touch Screen, 64GB Internal Memory, Android, Single SIM) Midgnight Black - German Version (Refurbished)
",Galaxy S9,Samsung
232,image_232.jpg,"SAMSUNG A920 Galaxy A9, Smartphone, LTE, Android 8.0 (Oreo), Capacity: 512 GB, [Italia]
",A920 Galaxy,Samsung
233,image_233.jpg,"SAMSUNG Galaxy S9 Duos Sunrise Gold [5.8"" QHD+ Screen] Android 8.0, 2.7GHz Octa-Core 12MP
",Galaxy S9,Samsung
234,image_234.jpg,"Telecom Italia Spa G960 Galaxy S9 Smartphone Unlocked LTE (Screen: 5.8 Inches â€“ 64 GB â€“ Nano-SIM â€“ Android 8.0 Oreo) Sunrise Gold
",Italia Spa,Samsung
235,image_235.jpg,"Nokia MÃ³vil 16ARGB01A06 8110 Dual SIM 2.4 Inch Curva Dualcore/4 GB/512mb/2mp WiFi Radio Bluetooth FM 4G Black
",MÃ³vil 16ARGB01A06,Nokia
236,image_236.jpg,"Samsung Galaxy S9 Plus Dual SIM 64GB SM-G965F/DS Midnight Black SIM Free
",Galaxy S9,Samsung
237,image_237.jpg,"Samsung G960 Galaxy S9 4G 64GB Dual-SIM Black EU
",G960 Galaxy,Samsung
238,image_238.jpg,"Samsung Galaxy S9 (5.8"", Wi-Fi, Bluetooth 64 GB, 4 GB RAM, Dual SIM, 12 MP, Android 8.0), Purple - Other European Version
",Galaxy S9,Samsung
239,image_239.jpg,"Samsung Galaxy S9 Smartphone (5.8 Inch Touch Screen, 64 GB Internal Memory, Android, Single SIM), Lilac Purple - Italian Version
",Galaxy S9,Samsung
240,image_240.jpg,"Samsung SM-G965FZKAVD2 Smartphone SAMSUNG Galaxy S9 Plus (6.2 inches, Wi-Fi, Bluetooth 64 GB, 6 GB RAM, 12 MP, Android 8.0 Oreo), Black
",SM-G965FZKAVD2 Smartphone,Samsung
241,image_241.jpg,"Samsung Galaxy S9 Smartphone (5.8 Inch Touch Screen, 64 GB Internal Memory, Android, Single SIM) Lilac Purple â€“ Spanish Version
",Galaxy S9,Samsung
242,image_242.jpg,"Samsung SM-G960XZKAXEF Smartphone Samsung Galaxy S9 (6.2 inches, Wi-Fi, Bluetooth 64 GB, 6 GB RAM, 12 MP, Android 8.0 Oreo), Black â€“ French Version
",SM-G960XZKAXEF Smartphone,Samsung
243,image_243.jpg,"Samsung SM-G960FZKAXEC Smartphone SAMSUNG Galaxy S9 (5.8 Inches, Wi-Fi, Bluetooth 64 GB, 4 GB RAM, 12 MP, Android 8.0 Oreo), Black â€“ Spanish Version
",SM-G960FZKAXEC Smartphone,Samsung
244,image_244.jpg,"Samsung Galaxy S9 Dual SIM 64GB Purple â€“ Android 8.0 (Oreo) â€“ Italian Version
",Galaxy S9,Samsung
245,image_245.jpg,"Samsung SM-G965FZKDXEF Smartphone SAMSUNG Galaxy S9 Plus, 6.2 inches, Wi-Fi, Bluetooth 64 GB, 6 GB RAM, Dual SIM, 12 MP, Android 8.0 Oreo, Black â€“ French Version
",SM-G965FZKDXEF Smartphone,Samsung
246,image_246.jpg,"Samsung Galaxy S9 Smartphone (5.8 Inch Touch Screen, 64GB Internal Memory, Android, Single SIM) Midgnight Black - UK Version
",Galaxy S9,Samsung
247,image_247.jpg,"Samsung SM-S928B Galaxy S24 Ultra Dual SIM 5G 12GB RAM 512GB Titanium Grey EU
",SM-S928B Galaxy,Samsung
248,image_248.jpg,"Nokia 5.1 Plus Dual SIM 32GB 3GB RAM TA-1075 Blue SIM Free
",5.1 Plus,Nokia
249,image_249.jpg,"Samsung Galaxy S23 Black 256GB Phantom Black
",Galaxy S23,Samsung
250,image_250.jpg,"SAMSUNG SM-S901BZWDEUH Galaxy S22 128 GB White
",SM-S901BZWDEUH Galaxy,Samsung
251,image_251.jpg,"Samsung Galaxy Note 9 128GB Dual SIM Lavender Purple
",Galaxy Note,Samsung
252,image_252.jpg,"Nokia C3-01 Touch and Type (EU Grey)
",C3-01 Touch,Nokia
253,image_253.jpg,"Samsung Galaxy S10 Single SIM Prism White German Version
",Galaxy S10,Samsung
254,image_254.jpg,"Samsung Galaxy Note 9 8GB/512GB Purple Single SIM N960F
",Galaxy Note,Samsung
255,image_255.jpg,"Samsung Galaxy S23 Ultra Smartphone Lilac 256GB 6.8"" Octa Core
",Galaxy S23,Samsung
256,image_256.jpg,"Motorola RAZR 40 Ultra Grey 8/256gb
",RAZR 40,Motorola
257,image_257.jpg,"Motorola Edge40 Pro PAWE0005SE
",Edge40 Pro,Motorola
258,image_258.jpg,"XIA DS 13 5G 8+256 GLO WHT
",DS 13,Xiaomi
259,image_259.jpg,"SAMSUNG SM-A136 Galaxy A13 5G 4+64GB 6.5 Black DS Carrier
",SM-A136 Galaxy,Samsung
260,image_260.jpg,"Samsung Sam Galaxy S22 EU-128-8-5G-WH Galaxy S22 128/8GB White
",Sam Galaxy,Samsung
261,image_261.jpg,"Samsung S22 Ultra 5G 256GB Green
",S22 Ultra,Samsung
262,image_262.jpg,"Samsung Galaxy SM-G781B 16.5 cm (6.5"") 6 GB 128 GB 5G USB Type-C Lavender Android 10.0 4500 mAh Galaxy SM-G781B, 16.5 cm (6.5""), 6 GB, 128 GB, 12 MP, Android 10.0, Lavender
",Galaxy SM-G781B,Samsung
263,image_263.jpg,"Samsung N960 Galaxy Note 9 - 6.4 Inch Smartphone (Octa-Core, 6GB RAM, 128GB Memory, 12+12MP Camera, Android 8.1) Black
",N960 Galaxy,Samsung
264,image_264.jpg,"Samsung Galaxy A21s Dual SIM 32GB 3GB RAM SM-A217F/DSN Black
",Galaxy A21s,Samsung
265,image_265.jpg,"Samsung Galaxy S20 Plus 5G Dual SIM 128GB 12GB RAM SM-G986B/DS Cosmic Black
",Galaxy S20,Samsung
266,image_266.jpg,"Nokia 3.1 Plus Smartphone 32GB, 3GB RAM, Dual Sim, Blue
",3.1 Plus,Nokia
267,image_267.jpg,"Samsung Galaxy Note9 SM-N960F 16.3 cm (6.4"") 6 GB 128 GB Dual SIM 4G Purple 4000 mAh Galaxy Note9 SM-N960F, 16.3 cm (6.4""), 6 GB, 128 GB, 12 MP, Android 8.1, Purple
",Galaxy Note9,Samsung
268,image_268.jpg,"Samsung Galaxy Note 9 Dual SIM 128GB 6GB RAM SM-N960F/DS Ocean Blue
",Galaxy Note,Samsung
269,image_269.jpg,"Samsung Galaxy Note 9 Dual SIM 128GB 6GB RAM SM-N960F/DS Midnight Black SIM Free
",Galaxy Note,Samsung
270,image_270.jpg,"Xiaomi SKR-H0N-128 BlackShark Smartphone 128 GB Black
",SKR-H0N-128 BlackShark,Xiaomi
271,image_271.jpg,"Apple iphone 13 128gb - red
",iphone 13,Apple
272,image_272.jpg,"Apple iPhone 11 4G 64GB White DE
",iPhone 11,Apple
273,image_273.jpg,"Apple APL IPHONE 11 128GB NC EUR BLK MHDH3RM/A Black
",APL IPHONE,Apple
274,image_274.jpg,"Apple iPhone 11 6.1"" (6.1) Dual SIM iOS 14 4G 128GB White
",iPhone 11,Apple
275,image_275.jpg,"APPLE iPhone 11 64 GB White EU
",iPhone 11,Apple
276,image_276.jpg,"Apple iPhone 13 mini 128GB 5.4"" Pink ITA MLK23QL/A
",iPhone 13,Apple
277,image_277.jpg,"Apple iPhone 13 512GB 6.1"" Starlight ITA MLQD3QL/A
",iPhone 13,Apple
278,image_278.jpg,"iPhone 13 256GB, Red
","13 256GB,",Apple
279,image_279.jpg,"Apple iPhone 13 Pro Max, 256GB, Gold - (Refurbished)
",iPhone 13,Apple
280,image_280.jpg,"Nokia 2720 2.8 Inch 4G UK SIM-Free Phone with Google Assistant (Single SIM) - Black
",2720 2.8,Nokia
281,image_281.jpg,"Nokia 6300 4G | Unlocked | International | WiFi Access Point | Social Apps | Google Maps & Assistant | Light Charcoal
",6300 4G,Nokia
282,image_282.jpg,"Nokia 105 Cell Phone Black Brand
",105 Cell,Nokia
283,image_283.jpg,"Nokia 6230i, all carriers, 32GB, silver mobile phone
","6230i, all",Nokia
284,image_284.jpg,"Nokia 800 Tough 2.4"" 4G with Free UK SIM Card and Google Assistant Function (Single SIM) - Black
",800 Tough,Nokia
285,image_285.jpg,"Xiaomi Smartphone Redmi 12C Green 6,71"" 1 TB 128 GB Octa Core 4 GB RAM
",Smartphone Redmi,Xiaomi
286,image_286.jpg,"Xiaomi Redmi Note 11S Smartphone 6+64GB, Screen 6.43"" 90Hz FHD+ Amoled Dotdisplay, MediaTek Helio G96, 108MP Pro Camera, 5000mAh, Graphite Grey
",Redmi Note,Xiaomi
287,image_287.jpg,"Xiaomi Redmi Note 11S - Smartphone 6+64GB, Screen 6.43"" 90Hz FHD+ Amoled Dotdisplay, MediaTek Helio G96, Camera 108MP Pro, 5000mAh, Dusk Blue
",Redmi Note,Xiaomi
288,image_288.jpg,"Xiaomi Redmi A1 Smartphone (6.52 inches, 32 GB memory, 5000 mAh battery) Mobile phone, black
",Redmi A1,Xiaomi
289,image_289.jpg,"Xiaomi Redmi Note 11 Pro 5G Smartphone 6.67"" FHD+ AMOLED DotDisplay, 120Hz FHD+ AMOLED DotDisplay, 67W Turbo Charge 6G + 128GB Graphite Grey [Global Version]
",Redmi Note,Xiaomi
290,image_290.jpg,"Xiaomi 12 Gray 8GB RAM 128GB ROM, Height: 152.7mm Width: 69.9mm Depth: 8.15mm
",12 Gray,Xiaomi
291,image_291.jpg,"Xiaomi MI 11 LITE 5G 16.6 cm (6.55"") Hybrid Dual SIM MIUI 12 USB Type-C 6 GB 128 GB 4250 mAh Black
",MI 11,Xiaomi
292,image_292.jpg,"Xiaomi Redmi Note 11S Smartphone 6+128GB, 6.43"" 90Hz FHD+ Amoled Dotdisplay, MediaTek Helio G96, 108MP Pro Camera, 5000mAh, Graphite Grey
",Redmi Note,Xiaomi
293,image_293.jpg,"Xiaomi Redmi Note 11 Pro Smartphone 6+128GB, 6.67 Inch Screen 120Hz FHD+ AMOLED, MediaTek Helio G86 Processor, 5000 mAh Battery, Graphite Grey (French Version + 2 Years Warranty)
",Redmi Note,Xiaomi
294,image_294.jpg,"Xiaomi Redmi Note 10 Pro Smartphone 6.67 Inch 120Hz AMOLED Screen, Snapdragon 732G, Quad Camera 108MP, 5020mAh + Mi In Ear Silver, Grey Onyx, 8+128GB
",Redmi Note,Xiaomi
295,image_295.jpg,"Xiaomi XIA DS Small X5 5G 8+256 GLO BLK
",XIA DS,Xiaomi
296,image_296.jpg,"Xiaomi 11T Pro 5G Smartphone 128GB, 8GB RAM, Dual Sim, Meteorite Grey
",11T Pro,Xiaomi
297,image_297.jpg,"POCO X5 Pro 5G 16.9 cm (6.67"") Dual SIM Android 12 USB Type-C 6 GB 128 GB 5000 mAh Black
",X5 Pro,Poco
298,image_298.jpg,"Xiaomi Redmi Note 11 Pro 5G Smartphone 6+128GB, 6.67 Inch Screen 120Hz FHD+ AMOLED, Snapdragon 695 Processor, 5000 mAh Battery, Graphite Grey (French Version + 2 Years Warranty)
",Redmi Note,Xiaomi
299,image_299.jpg,"Xiaomi Redmi Note 10 5G Smartphone Unlocked 4+128GB, 6.5 Inches DotDisplay 90Hz AdaptiveSync Screen, MediaTek Dimensity 700, Triple Camera, 5000mAh, Graphite Grey (French Version + 2 Year Warranty)
",Redmi Note,Xiaomi
300,image_300.jpg,"Xiaomi 12T 5G Smartphone 8+256GB, 6.67 Inch Screen 120Hz CrystalRes AMOLED, MediaTek Dimensity 8100-Ultra, Professional Camera 108MP, 5000 mAh Battery, Black (French Version + 2 Years Warranty)
",12T 5G,Xiaomi
301,image_301.jpg,"Poco F4 GT 5G Smartphone 8+128GB, 6.67 Inch AMOLED 120Hz E4 Screen, Snapdragon 8 Gen 1 Processor, 64MP Triple Camera, 4700mAh Battery, 120W HyperCharge, Yellow POCO (French Version + 2 Years Warranty)
",F4 GT,Poco
302,image_302.jpg,"Xiaomi Redmi 10 2022 Smartphone 4+64GB, 6.5 inch FHD+ 90Hz DotDisplay, MediaTek Helio G88, 50MP AI Quad Camera, 5000mAh, Carbon Gray (UK Version + 2 Years Warranty)
",Redmi 10,Xiaomi
303,image_303.jpg,"Xiaomi Poco M5 4GB/64GB Black EU
",Poco M5,Xiaomi
304,image_304.jpg,"Poco M5 16.7 cm (6.58"") Dual SIM Android 12 4G USB Type-C 4 GB 64 GB 5000 mAh Yellow
",M5 16.7,Poco
305,image_305.jpg,"Poco M5 Green 4G RAM 64G ROM
",M5 Green,Poco
306,image_306.jpg,"Xiaomi 12T 5G Smartphone, 8+256GB Smartphone, 6.67"" 120Hz CrystalRes AMOLED Display, MediaTek Dimensity 8100-Ultra, 108MP Professional Camera, 120W Smart Hypercharge, 5000mAh, Black
",12T 5G,Xiaomi
307,image_307.jpg,"Xiaomi 12T 5G Smartphone 8+256GB, 6.67 Inch Screen 120Hz CrystalRes AMOLED, MediaTek Dimensity 8100-Ultra, Professional Camera 108MP, 5000 mAh Battery, Blue (French Version + 2 Years Warranty)
",12T 5G,Xiaomi
308,image_308.jpg,"Xiaomi POCO M5 Smartphone 4+128GB, 6.58 Inch 90Hz FullHD+, MediaTek Helio G99, Triple Camera 50MP, 5000mAh, NFC, Yellow (EU Version + 2 Year Warranty)
",POCO M5,Xiaomi
309,image_309.jpg,"Xiaomi MZB0BLQEN 12 Lite 5G, 6.5-inch Amoled Display 120Hz, Snapdragon 778G, 108MP Triple Camera, 4300mAh with 67W Turbo Charging, Black, 8+128GB Smartphone
",MZB0BLQEN 12,Xiaomi
310,image_310.jpg,"Xiaomi Poco F4 5G 6GB/128GB Green (Nebula Green) Dual SIM
",Poco F4,Xiaomi
311,image_311.jpg,"Xiaomi Smartphone + Headset 12 Lite 5G, Mobile Phone 8 + 256 GB without contract, 6.55 inch AMOLED 120 Hz, Triple Camera 108 MP, 4300 mAh, 67 W Turbo-Charging, Black (German Version)
",Smartphone +,Xiaomi
312,image_312.jpg,"Xiaomi Redmi Note 12 Pro 4G Smartphone, Smooth 120Hz AMOLED Display, Snapdragon 732G, 108MP Wide Camera, 67W Turbo Charge (6+128GB Ice Blue)
",Redmi Note,Xiaomi
313,image_313.jpg,"OnePlus Nord 3 5G â€“ 8GB RAM + 128GB Storage Unlocked Smartphone with Triple Camera 50MP + OIS â€“ 2 Year Manufacturer's Warranty â€“ Tempest Grey
",Nord 3,OnePlus
314,image_314.jpg,"OnePlus Nord CE4 Lite 5G 8GB 256GB Super Silver
",Nord CE4,OnePlus
315,image_315.jpg,"OnePlus Nord 4 5G 12GB RAM 256GB Storage SIM-Free Smartphone with 50 MP Dual Camera + OIS â€“ Obsidian Midnight
",Nord 4,OnePlus
316,image_316.jpg,"OnePlus 12R 5G 16GB RAM 256GB Storage SIM-Free Smartphone with 3rd Gen Hasselblad Camera for Mobile â€“ 2 Year Warranty â€“ Iron Gray
",12R 5G,OnePlus
317,image_317.jpg,"OnePlus 12 5G 12GB RAM 256GB Storage SIM-Free Smartphone with 4th Gen Hasselblad Camera for Mobile â€“ 2 Year Warranty â€“ Silky Black
",12 5G,OnePlus
318,image_318.jpg,"OnePlus Nord CE 3 Lite 5G, 8GB + 128GB, Chromatic Grey, 1 Year Local Warranty
",Nord CE,OnePlus
319,image_319.jpg,"OnePlus 10 Pro 5G 12GB RAM 256GB Storage, SIM Free Smartphone with 2nd Gen Hasselblad Mobile Camera - Emerald Forest
",10 Pro,OnePlus
320,image_320.jpg,"OnePlus Nord 2T 5G - 8GB RAM 128GB Storage, SIM Free Smartphone with 50MP AI Triple Camera and Supervooc 80W Fast Charge - 2 Years Manufacturer's Warranty - Jade Fog
",Nord 2T,OnePlus
321,image_321.jpg,"OnePlus Nord 5G 16.5 cm (6.44) Dual SIM USB Type-C Grey Oxygen OS 4115 mAh, 12 GB 256 GB, Onyx Grey
",Nord 5G,OnePlus
322,image_322.jpg,"OnePlus Smartphone, Plastic, Grey, 256GB Plus 12GB RAM
","Smartphone, Plastic,",OnePlus
323,image_323.jpg,"Oneplus Nord CE 3 Unlocked Phones & Smartphones, 12+256GB, 5G Snapdragon 782G, 50MP Camera, 6.7"" AMOLED Display, 120Hz 80W SupervoOC 5000mAh Battery, Two
",Nord CE,OnePlus
324,image_324.jpg,"OnePlus 12R, Dual, 256GB, 16GB RAM, Cool Blue.
","12R, Dual,",OnePlus
325,image_325.jpg,"OnePlus LE2123, 9 Pro 5G Smartphone 256GB, 12GB RAM, Dual Sim, Black
","LE2123, 9",OnePlus
326,image_326.jpg,"OnePlus 5011101807 Nord 2 5G 16.3 cm (6.43"") Dual SIM Oxygen OS USB Type-C 8 GB 128 GB 4500 mAh Grey
",5011101807 Nord,OnePlus
327,image_327.jpg,"OnePlus Open Europe 16GB 512GB Voyager Black EU
",Open Europe,OnePlus
328,image_328.jpg,"OnePlus Open Europe 16GB 512GB Emerald Dusk EU
",Open Europe,OnePlus
329,image_329.jpg,"OnePlus Nord CE 2 5G 8GB/128GB Blue (Bahama Blue) Dual SIM IV2201
",Nord CE,OnePlus
330,image_330.jpg,"Samsung GT E1200
","GT E1200
",Samsung
331,image_331.jpg,"Nokia 6230, mobile phone without SIM block, color silver
","6230, mobile",Nokia
332,image_332.jpg,"Nokia C2-01 H3G SIM Free Compact Mobile Phone - Black
",C2-01 H3G,Nokia
333,image_333.jpg,"Nokia 6303 Classic Steel KOH Edition Mobile Phone (3.2MP Camera, MP3, Bluetooth)
",6303 Classic,Nokia
334,image_334.jpg,"Nokia 3110 Classic Black (Bluetooth, FM radio, MP3, 1.3 MP camera) mobile phone
",3110 Classic,Nokia
335,image_335.jpg,"Xiaomi Redmi Note 13 Pro 4G 256 GB Forest Green
",Redmi Note,Xiaomi
336,image_336.jpg,"Nokia 105-2019 Dual SIM Black (TA-1174)
",105-2019 Dual,Nokia
337,image_337.jpg,"Nokia 106 Dual SIM
",106 Dual,Nokia
338,image_338.jpg,"Samsung Galaxy S24 FE Smartphone 128 GB Blue
",Galaxy S24,Samsung
339,image_339.jpg,"Xiaomi Redmi Note 13 Pro 5G 8GB/128GB Black (Midnight Black) Dual SIM
",Redmi Note,Xiaomi
340,image_340.jpg,"Samsung E1150 Mobile Phone (Extra Long Battery Life) Titanium/Silver
",E1150 Mobile,Samsung
341,image_341.jpg,"Nokia 3310 2G Unlocked Mobile Phone (2.4"" Color Screen, 2MP Camera, Bluetooth, Radio, MP3 Player, Dual SIM) Retro Grey
",3310 2G,Nokia
342,image_342.jpg,"Nokia Mobile Phone 2660 Black 4G 2.8"" 128 MB RAM
",Mobile Phone,Nokia
343,image_343.jpg,"Xiaomi Redmi A3 Vert 3GB RAM 64GB ROM (Version FranÃ§aise + 2 Ans de Garantie)
",Redmi A3,Xiaomi
344,image_344.jpg,"Galaxy A55 5G 256GB, Handy Awesome Lemon, Android 14.8 GB
",A55 5G,Samsung
345,image_345.jpg,"Samsung galaxy s24 + 12/256 black
",galaxy s24,Samsung
346,image_346.jpg,"Nokia 150 Mobile Phone Dual SIM Black
",150 Mobile,Nokia
347,image_347.jpg,"Nokia 225 (2020) 4G Dual SIM Mobile Phone with Premium Design (2.4"" QVGA Display, 4G Technology, Bluetooth 5.0, MP3 Player, FM Radio, 128MB Memory (up to 128GB via microSD), Camera
",225 (2020),Nokia
348,image_348.jpg,"Xiaomi Redmi A3 3GB/64GB Blue (Star Blue) Dual SIM
",Redmi A3,Xiaomi
349,image_349.jpg,"Nokia 3310 2G Mobile Phone (2.4"" Color Screen, 2MP Camera, Bluetooth, Radio, MP3 Player, SIM Card) Warm Red
",3310 2G,Nokia
350,image_350.jpg,"Nokia 2660 Flip Phone with 2.8"" Display, 4G Connectivity, Hearing Aid (HAC) Compatibility, Built-in Camera, MP3 Player, Wireless FM Radio and Classic Games (Dual
",2660 Flip,Nokia
351,image_351.jpg,"Nokia 105 - Unlocked GSM Cell Phone (1.8"" Screen, 4MB ROM, Dual SIM) Black
",105 -,Nokia
352,image_352.jpg,"Nokia 216 2G SIM Free Phone Only Black
",216 2G,Nokia
353,image_353.jpg,"Samsung C3520 Mobile phone EDGE Quad-band Internal memory 28 MB Bluetooth Charcoal Grey
",C3520 Mobile,Samsung
354,image_354.jpg,"Nokia 3310 - Unlocked GSM Mobile Phone (2.4 inch Screen, 32GB ROM, Dual SIM 2MP Camera) Night Blue
",3310 -,Nokia
355,image_355.jpg,"Nokia Mobile Phone 1616 (FM Radio, Color Screen, Flashlight) No Subscription, No Brand, No SIM Card, Black
",Mobile Phone,Nokia
356,image_356.jpg,"Samsung GALAXY S24 ULTRA 12/256 CREAM
",GALAXY S24,Samsung
357,image_357.jpg,"Samsung Galaxy S24 FE Smartphone 128 GB Yellow
",Galaxy S24,Samsung
358,image_358.jpg,"SAMSUNG - Galaxy A14 128GB Verde SM-A145RLGVEUB
",- Galaxy,Samsung
359,image_359.jpg,"Apple iPhone SE (128GB) - Midnight
",iPhone SE,Apple
360,image_360.jpg,"iPhone SE 2nd Generation, 64GB, White (Refurbished)
",SE 2nd,Apple
361,image_361.jpg,"iPhone SE 2nd Generation, 128GB, Red (Refurbished)
",SE 2nd,Apple
362,image_362.jpg,"APPLE IPHONE SE 2020 64GB
",IPHONE SE,Apple
363,image_363.jpg,"iPhone SE 2nd Generation, 128GB, White (Refurbished)
",SE 2nd,Apple
364,image_364.jpg,"Samsung Galaxy A3 (2016) Smartphone (4.7 Inches), Touch Screen, 16GB Memory, Android 5.1, Gold
",Galaxy A3,Samsung
365,image_365.jpg,"Apple iPhone 11 4G 64GB White DE
",iPhone 11,Apple
366,image_366.jpg,"Apple iPhone 8 64GB Space Gray (Refurbished)
",iPhone 8,Apple
367,image_367.jpg,"Samsung Galaxy Xcover 4 Smartphone (5 inch touch screen) 16 GB memory, Android 7.0 Nougat) Black
",Galaxy Xcover,Samsung
368,image_368.jpg,"Apple iPhone 7 128G Smartphone - Oro (Refurbished)
",iPhone 7,Apple
369,image_369.jpg,"Apple iPhone 8 64GB Red (Refurbished)
",iPhone 8,Apple
370,image_370.jpg,"Samsung Galaxy Core Prime SM-G360F 8GB 4G Unlocked Movistar Smartphone (Android, SIM Only, MicroSIM, GSM, UMTS, WCDMA, LTE) â€“ Silver
",Galaxy Core,Samsung
371,image_371.jpg,"Samsung - SAMSUNG Galaxy S5 Mini Smartphone White (Imported)
",- SAMSUNG,Samsung
372,image_372.jpg,"Samsung Galaxy Alpha 4.7"" Super AMOLED Octa-Core Processor 12MP Android Camera Gold
",Galaxy Alpha,Samsung
373,image_373.jpg,"Apple iPhone 8 64GB Red (Refurbished)
",iPhone 8,Apple
374,image_374.jpg,"APPLE IPHONE SE (2022) 64GB STARLIGHT EU
",IPHONE SE,Apple
375,image_375.jpg,"Apple iPhone SE 4.7 Inches 128 GB 5G Product Red Italia MMXL3QL/A
",iPhone SE,Apple
376,image_376.jpg,"SAMSUNG G389F Galaxy XCOVER 3 Dark Silver
",G389F Galaxy,Samsung
377,image_377.jpg,"Samsung Galaxy Xcover 3 (SM-G389F) VE Smartphone with 4.5 Inch Touch Screen, 8 GB Memory, Android 5.1, Dark Grey
",Galaxy Xcover,Samsung
378,image_378.jpg,"Samsung Galaxy XCover 3 VE Unlocked Smartphone 4G (Screen: 4.5 Inches â€“ 8 GB â€“ Single Micro-SIM â€“ Android) Dark Silver
",Galaxy XCover,Samsung
379,image_379.jpg,"Free Microsoft Lumia 435 Smartphone
",Microsoft Lumia,Microsoft
380,image_380.jpg,"Samsung Galaxy Xcover 3 4.5 Inch Mobile Phone with Touch Screen 8GB Memory, Android 4.4, Dark Silver
",Galaxy Xcover,Samsung
381,image_381.jpg,"Samsung Galaxy S5 Mini Galaxy S5 Mini Smartphone (4.5 Inches), Touch Screen, 8 Megapixel Camera, 1.4 GHz Quad-Core Processor, Android 4.4) White [EU Version]
",Galaxy S5,Samsung
382,image_382.jpg,"Galaxy S5 Mini Samsung Galaxy S5 Mini Smartphone (4.5 Inch) Touch Screen, 8 Megapixel Camera, 1.4 GHz Quad-Core Processor, Android 4.4 Black [EU Version]
",S5 Mini,Samsung
383,image_383.jpg,"Apple iPhone 12 mini, 64GB, Black - (Refurbished)
",iPhone 12,Apple
384,image_384.jpg,"Apple iPhone 12 mini, 64GB, Blue - (Refurbished)
",iPhone 12,Apple
385,image_385.jpg,"Apple iPhone 12 Mini, 128 GB, Black (Refurbished)
",iPhone 12,Apple
386,image_386.jpg,"Apple iPhone 12 Mini, 64GB, (Product) RED (Refurbishe)
",iPhone 12,Apple
387,image_387.jpg,"Apple iPhone 13 mini 128GB 5.4"" Pink ITA MLK23QL/A
",iPhone 13,Apple
388,image_388.jpg,"Apple iPhone 12 Mini, 64GB, Green Green One
",iPhone 12,Apple
389,image_389.jpg,"Samsung Galaxy S7 Unlocked Smartphone 4G (Screen: 5.1 Inches 32 GB 4 GB RAM Simple NanoSIM Android) Black
",Galaxy S7,Samsung
390,image_390.jpg,"Nokia T21 64-4-4G GY T21 64GB/4GB 4G Charcoal Grey
",T21 64-4-4G,Nokia
391,image_391.jpg,"Samsung Galaxy XCover 5 4GB/64GB Black Dual SIM G525 Enterprise Edition
",Galaxy XCover,Samsung
392,image_392.jpg,"Samsung Galaxy S7 Edge Unlocked Smartphone 5.5 Inches (Android 6.0, Dual Edge Super AMOLED Display, 12MP Rear Camera and Front 5.5 MP, 32 GB) [Spanish Version: Includes Pay] Gold
",Galaxy S7,Samsung
393,image_393.jpg,"Samsung S7 32GB Unlocked Smartphone (Refurbished)
",S7 32GB,Samsung
394,image_394.jpg,"Samsung Galaxy XCover 5 64GB / GB Black EU [13.48 cm (5.3 inches) LCD Display, Android 11, 13 MP Kamera]
",Galaxy XCover,Samsung
395,image_395.jpg,"Samsung Galaxy Xcover 4s Enterprise Edition Mobile Phone, 32 GB, Black, Android
",Galaxy Xcover,Samsung
396,image_396.jpg,"Samsung Galaxy XCover 5 Black Enterprise Edition DACH 4+64GB
",Galaxy XCover,Samsung
397,image_397.jpg,"Samsung Galaxy A5 2017 Smartphone Pink 32GB Expandable [Italian Version]
",Galaxy A5,Samsung
398,image_398.jpg,"Samsung G920 Galaxy S6 Smartphone Unlocked (Screen: 5.1 Inches) Black (Italian Import)
",G920 Galaxy,Samsung
399,image_399.jpg,"Samsung Galaxy A51 Factory Unlocked Cell Phone | 128GB of Storage | Long Lasting KEEPXYZ | Single SIM | GSM or CDMA Compatible | US Version | Black
",Galaxy A51,Samsung
400,image_400.jpg,"Nokia 8 Smartphone (5.3 inches), 64 GB ROM, 4 GB RAM, 13 MP Camera, Single SIM, Projection Protection (IP54), Android Nougat) Stainless Steel
",8 Smartphone,Nokia
401,image_401.jpg,"Samsung Galaxy S6 Edge Unlocked Smartphone 4G (32 GB - 5.1 Inch Screen, Single SIM - Android 5.0 Lollipop) Black
",Galaxy S6,Samsung
402,image_402.jpg,"Samsung Galaxy S6 Edge Smartphone (5.1 Inches), Touch Screen, 32GB Memory, Android 5.0, Black [T-Mobile Brand]
",Galaxy S6,Samsung
403,image_403.jpg,"Samsung Galaxy S6 Edge Unlocked Android Smartphone (5.1 Inch Screen, 16MP Camera, 128GB, Quad-Core 2.1GHz, 3GB RAM, White [Spanish Model]
",Galaxy S6,Samsung
404,image_404.jpg,"Samsung G900 Galaxy S5 Smartphone 16GB Black [Italy]
",G900 Galaxy,Samsung
405,image_405.jpg,"Samsung Galaxy S5 Unlocked Smartphone 4G (Screen: 5.1 Inches â€“ 16 GB â€“ Android 4.4.2 KitKat) Black
",Galaxy S5,Samsung
406,image_406.jpg,"Samsung Galaxy S5 Smartphone (5.1 Inch) Touch Screen, Quad-Core 2.5GHz Processor, 2GB RAM, 16MP Camera, Android 4.4 OS) - White [T-Mobile Marking]
",Galaxy S5,Samsung
407,image_407.jpg,"Apple iPhone 13 (128GB) - Midnight
",iPhone 13,Apple
408,image_408.jpg,"Redmi Note 13 Black 8GB + 256GB
",Note 13,Redmi
409,image_409.jpg,"Apple iphone 15 (128gb) - black
",iphone 15,Apple
410,image_410.jpg,"Samsung Galaxy SM-A057GLGV 17 cm (6.7"") Dual SIM Android 13 4G USB Type-C 4 GB 128 GB 5000 mAh Green
",Galaxy SM-A057GLGV,Samsung
411,image_411.jpg,"Apple iPhone 16 Pro Max (256GB) - Titanium Sand
",iPhone 16,Apple
412,image_412.jpg,"Samsung Galaxy SM-A057G 17 cm (6.7"") Dual SIM Android 13 4G USB Type-C 4 GB 128 GB 5000 mAh Black
",Galaxy SM-A057G,Samsung
413,image_413.jpg,"Apple iPhone 14 (128 Go) - Minuit
",iPhone 14,Apple
414,image_414.jpg,"Apple iphone 16 (128gb) - black
",iphone 16,Apple
415,image_415.jpg,"Xiaomi Redmi Note 13 Pro Smartphone, 5G, 8+256GB, 6.67 inch Display, 1.5K 120Hz AMOLED Display, Snapdragon 7s, 200MP Ultra Clear Camera with OIS, 5100mAh, 67W Turbo Charging, Blue
",Redmi Note,Xiaomi
416,image_416.jpg,"Samsung Galaxy S24 Ultra 12/512 Black
",Galaxy S24,Samsung
417,image_417.jpg,"Apple iPhone 16 Pro (128GB) - Black Titanium
",iPhone 16,Apple
418,image_418.jpg,"Samsung Galaxy A25 5G 16.5 cm (6.5"") USB Type-C 6 GB 128 GB 5000 mAh Black
",Galaxy A25,Samsung
419,image_419.jpg,"Xiaomi 14T - Leica Summilux Optical Lens - 12GB RAM - 256GB Storage - MediaTek Dimensity 8300-Ultra - Sony IMX906 Image Sensor - 144Hz AI Display - 67W HyperCharge - Titan Black
",14T -,Xiaomi
420,image_420.jpg,"apple iphone 12 128gb
",iphone 12,Apple
421,image_421.jpg,"Xiaomi Redmi 12 Black 4GB + 128GB [Global Version]
",Redmi 12,Xiaomi
422,image_422.jpg,"Samsung Galaxy A15 4G Smartphone 128GB Midnight Blue
",Galaxy A15,Samsung
423,image_423.jpg,"Xiaomi Redmi Note 13 Pro 5G 8GB/256GB Purple (Aurora Purple) Dual SIM
",Redmi Note,Xiaomi
424,image_424.jpg,"Redmi Note 13 Pro 5G Midnight Black 8GB RAM 256GB ROM
",Note 13,Redmi
425,image_425.jpg,"Samsung Galaxy S24 Ultra 5G 256GB/12GB Dual SIM Titanio
",Galaxy S24,Samsung
426,image_426.jpg,"Samsung SM-A556B Galaxy A55 5G Dual SIM 8GB 128GB Awesome Navy EU
",SM-A556B Galaxy,Samsung
427,image_427.jpg,"Samsung Galaxy A54 5G 8GB/128GB Black (Awesome Black) Dual SIM A546B
",Galaxy A54,Samsung
428,image_428.jpg,"XIAOMI - Redmi Note 13 Pro - 512GB - Midnight Black
",- Redmi,Xiaomi
429,image_429.jpg,"Redmi Note 13 Blue 8GB + 256GB
",Note 13,Redmi
430,image_430.jpg,"Xiaomi Poco F6 Pro 5G 12GB/256GB White Dual SIM
",Poco F6,Xiaomi
431,image_431.jpg,"Samsung SM-S928B Galaxy S24 Ultra Dual SIM 5G 12GB RAM 512GB Titanium Grey EU
",SM-S928B Galaxy,Samsung
432,image_432.jpg,"Nokia 150 Mobile Phone Dual SIM Black
",150 Mobile,Nokia
433,image_433.jpg,"Nokia 225 (2020) 4G Dual SIM Mobile Phone with Premium Design (2.4"" QVGA Display, 4G Technology, Bluetooth 5.0, MP3 Player, FM Radio, 128MB Memory (up to 128GB via microSD), Camera
",225 (2020),Nokia
434,image_434.jpg,"Nokia 2660 Flip Phone with 2.8"" Display, 4G Connectivity, Hearing Aid (HAC) Compatibility, Built-in Camera, MP3 Player, Wireless FM Radio and Classic Games (Dual
",2660 Flip,Nokia
435,image_435.jpg,"Nokia 105 - Unlocked GSM Cell Phone (1.8"" Screen, 4MB ROM, Dual SIM) Black
",105 -,Nokia
436,image_436.jpg,"Nokia Mobile Phone 1200 Black (Organizer, 3 Sets)
",Mobile Phone,Nokia
437,image_437.jpg,"Nokia 3310 - Unlocked GSM Mobile Phone (2.4 inch Screen, 32GB ROM, Dual SIM 2MP Camera) Night Blue
",3310 -,Nokia
438,image_438.jpg,"Nokia Mobile Phone 1616 (FM Radio, Color Screen, Flashlight) No Subscription, No Brand, No SIM Card, Black
",Mobile Phone,Nokia
439,image_439.jpg,"Samsung Galaxy S23 S911B 5G Dual Sim EU 128GB Android Phantom Black
",Galaxy S23,Samsung
440,image_440.jpg,"Unlocked Nokia 105 Dual-SIM (2019) Black
",Nokia 105,Nokia
441,image_441.jpg,"NOKIA Mobile Phone 6300 Black and Agrent
",Mobile Phone,Nokia
442,image_442.jpg,"Samsung Galaxy A12 Smartphone Black 64GB A125F Dual SIM Android 10.0
",Galaxy A12,Samsung
443,image_443.jpg,"Nokia Mobile Phone Sliding 2220 (MP3, GPRS, Ovi Mail, Airplane Mode) Graphite
",Mobile Phone,Nokia
444,image_444.jpg,"Nokia C2-05 Mobile Phone Slide Flap Grey
",C2-05 Mobile,Nokia
445,image_445.jpg,"Nokia 5710 XA - 4G mobile phone, built-in wireless headphones, 2.4"" display, camera, Bluetooth, wireless FM radio and mp3 player, dedicated audio player keys, white, dual sim, Italy
",5710 XA,Nokia
446,image_446.jpg,"Nokia 110 Feature Phone mit integriertem MP3-Player, rÃ¼ckwÃ¤rtiger Kamera, langlebigem Akku und DiktiergerÃ¤t - Charcoal
",110 Feature,Nokia
447,image_447.jpg,"SAMSUNG Galaxy A20e Schwarz
",Galaxy A20e,Samsung
448,image_448.jpg,"Nokia 3210 4G 64 MB RAM, 128 MB Storage, Dual SIM
",3210 4G,Nokia
449,image_449.jpg,"Motorola Moto E20 Smartphone 32 GB, 2 GB RAM, Dual SIM, Graphite Grey
",Moto E20,Motorola
450,image_450.jpg,"Nokia Smartphone 235 DS 4G 128 MB RAM
",Smartphone 235,Nokia
451,image_451.jpg,"Nokia 105 [2019 Version] â€“ Unlocked Mobile Phone (1.77 Inch Screen â€“ 4MB Storage â€“ Dual Mini SIM) Black
",105 [2019,Nokia
452,image_452.jpg,"Nokia 105 (2019) Blue (Blue) Dual SIM
",105 (2019),Nokia
453,image_453.jpg,"Nokia C02 5.45 inch Android 12 (Go-Edition) Dual SIM Smartphone - 5.45 inch Rear Camera - Portrait Mode, 2GB RAM/32GB ROM, Rugged Construction with IP52 Rating, 3000mAh Battery - Cya
",C02 5.45,Nokia
454,image_454.jpg,"Nokia 3210 4G Black (Grunge Black) Dual SIM
",3210 4G,Nokia
455,image_455.jpg,"Xiaomi Redmi 12 Black 4GB + 128GB [Global Version]
",Redmi 12,Xiaomi
456,image_456.jpg,"Nokia 106 Dual SIM
",106 Dual,Nokia
457,image_457.jpg,"Xiaomi Redmi 12 17.2 cm (6.79"") Hybrid Dual SIM Android 13 4G USB Type-C 4 GB 128 GB 5000 mAh Blue
",Redmi 12,Xiaomi
458,image_458.jpg,"Nokia G60 5G Smartphone 128 GB 16.7 cm (6.58"") Black Android 12 Dual SIM
",G60 5G,Nokia
459,image_459.jpg,"Samsung Galaxy XCover 5 4GB/64GB Black Dual SIM G525
",Galaxy XCover,Samsung
460,image_460.jpg,"Xiaomi REDMI A3 4, Mobile Phone 128GB, Dual Camera with AI, Support 10W Fast Charge, Blue
",REDMI A3,Xiaomi
461,image_461.jpg,"Samsung SAMSUNG Galaxy A50 128GB Mobile Phone, Blue, Blue, Android 9.0 (Pie), Dual SIM
",SAMSUNG Galaxy,Samsung
462,image_462.jpg,"Samsung Galaxy A03 Smartphone 64GB, 4GB RAM, Dual Sim, Black
",Galaxy A03,Samsung
463,image_463.jpg,"Samsung Galaxy A51, 4GB RAM, 128GB Memory, Prismatic Black
","Galaxy A51,",Samsung
464,image_464.jpg,"Samsung Galaxy A03 Smartphone 64GB, 4GB RAM, Dual SIM, Blue
",Galaxy A03,Samsung
465,image_465.jpg,"Xiaomi Redmi A3 128GB-4GB-4G Midnight Black
",Redmi A3,Xiaomi
466,image_466.jpg,"Motorola Moto G24,Black
","Moto G24,Black
",Motorola
467,image_467.jpg,"Smartphone XIAOMI REDMIA3VERT
","XIAOMI REDMIA3VERT
",Xiaomi
468,image_468.jpg,"Samsung Galaxy A51 Smartphone 128GB 4GB Prism Crush Black
",Galaxy A51,Samsung
469,image_469.jpg,"Motorola Moto G14 Smartphone (6.5"" FHD+ Screen, 50MP Front Camera, 4/128GB, 5000mAh, Android 13) - Steel Grey - With Protective Shell + Car Adapter [Amazon Exclusively]
",Moto G14,Motorola
470,image_470.jpg,"Nokia G42 6.56"" HD+ Smartphone, 4GB/128GB Storage, 3 Days Battery Life, Android 13, OZO 3D Audio Capture, QuickFix Repairability and Dual SIM - Purple
","G42 6.56""",Nokia
471,image_471.jpg,"Xiaomi Redmi 13C 4G LTE (128GB + 4GB) ROM GSM 6.7 inch 50MP
",Redmi 13C,Xiaomi
472,image_472.jpg,"Xiaomi XIAOMI REDMI12C-128GB Naked SMARTPHONE GREY
",XIAOMI REDMI12C-128GB,Xiaomi
473,image_473.jpg,"Xiaomi Xia Redmi Note 12 128-4-5G-bu Redmi Note 12 5G 128/4GB Ice Blue
",Xia Redmi,Xiaomi
474,image_474.jpg,"Samsung Galaxy A41 4GB/64GB Black (Prism Crush Black) Dual SIM A415
",Galaxy A41,Samsung
475,image_475.jpg,"Nokia 6303 Classic Steel 6303 (without Simlock) Without SIM card Silver
",6303 Classic,Nokia
476,image_476.jpg,"Nokia 2720 Flip 7.11 cm (2.8"") 118 g Black
",2720 Flip,Nokia
477,image_477.jpg,"Nokia G22 6.52"" HD+ Dual SIM Smartphone, Android 12, 50MP AI-Powered Camera, 3-Day Battery, 4GB/128GB Storage, 3 Year Monthly Security, 3-Year Warranty - Blue
","G22 6.52""",Nokia
478,image_478.jpg,"Xiaomi Redmi 10 4GB128GB NFC Gray
",Redmi 10,Xiaomi
479,image_479.jpg,"Xiaomi Redmi Note 13 Pro Smartphone, 5G, 8+256GB, 6.67 inch Display, 1.5K 120Hz AMOLED Display, Snapdragon 7s, 200MP Ultra Clear Camera with OIS, 5100mAh, 67W Turbo Charging, Blue
",Redmi Note,Xiaomi
480,image_480.jpg,"Xiaomi Redmi Note 13 Pro 5G 8GB/256GB Purple (Aurora Purple) Dual SIM
",Redmi Note,Xiaomi
481,image_481.jpg,"Redmi Note 13 Pro 5G Midnight Black 8GB RAM 256GB ROM
",Note 13,Redmi
482,image_482.jpg,"Samsung SM-A556B Galaxy A55 5G Dual SIM 8GB 128GB Awesome Navy EU
",SM-A556B Galaxy,Samsung
483,image_483.jpg,"Redmi Note 13 Blue 8GB + 256GB
",Note 13,Redmi
484,image_484.jpg,"Xiaomi Redmi Note 13 Pro 4G 8GB/256GB Purple (Lavender Purple) Dual SIM
",Redmi Note,Xiaomi
485,image_485.jpg,"Xiaomi Redmi Note 13 Pro+ 5G 8GB/256GB White (Moonlight White) Dual SIM
",Redmi Note,Xiaomi
486,image_486.jpg,"SAMSUNG galaxy s23 ultra 256gb black
",galaxy s23,Samsung
487,image_487.jpg,"Redmi Note 13 5G Blue 8GB + 256GB
",Note 13,Redmi
488,image_488.jpg,"Samsung - Galaxy S908 Ultra 5G 128GB Mobile Phone, Black
",- Galaxy,Samsung
489,image_489.jpg,"Samsung Galaxy S24 5G 8GB/128GB Black (Onyx Black) Dual SIM SM-S921B
",Galaxy S24,Samsung
490,image_490.jpg,"Xiaomi Redmi Note 13 5G 16.9 cm (6.67"") Dual SIM USB Type-C 8 GB 256 GB 5000 mAh Black
",Redmi Note,Xiaomi
491,image_491.jpg,"Galaxy S22 Ultra (Dual SIM) 128GB Black
",S22 Ultra,Samsung
492,image_492.jpg,"Motorola Moto G54 G5 Smartphone (6.5 inch FHD+ Screen, 50 MP Dual Camera, 8/256 GB, 5000 mAh, Android 13) - Midnight Blue - With Protective Case + Car Adapter [Exclusively From
",Moto G54,Motorola
493,image_493.jpg,"Samsung S901B/DS Galaxy S22 5G, Dual, 128GB 8GB RAM, Phantom Black
",S901B/DS Galaxy,Samsung
494,image_494.jpg,"Motorola Moto G14 8GB/256GB Grey (Steel Gray) Dual SIM
",Moto G14,Motorola
495,image_495.jpg,"Xiaomi Smartphone NU Xiaomi REDMIN13PROP5G-256N
",Smartphone NU,Xiaomi
496,image_496.jpg,"Samsung Galaxy S10+ â€“ Unlocked 4G Smartphone (Screen: 6.4 Inches â€“ Dual SIM â€“ 128GB â€“ Android) â€“ Black
",Galaxy S10+,Samsung
497,image_497.jpg,"Samsung Galaxy S23 FE Smartphone 128GB 5G Cream
",Galaxy S23,Samsung
498,image_498.jpg,"Xiaomi POCO C65 Smartphone 8+256GB No Contract Cell Phone 6.74 Inch MediaTek Helio G85 Octa-Core Processor 50MP AI Triple Camera 5000mAh NFC Dual SIM Battery Black
",POCO C65,Xiaomi
499,image_499.jpg,"Motorola Moto Razr 40 Ultra 8+256GB Black
",Moto Razr,Motorola
500,image_500.jpg,"SAMSUNG Galaxy S22 Plus S906 256GB 6.6 inches Green Android 5G
",Galaxy S22,Samsung
501,image_501.jpg,"Samsung S908B/DS Galaxy S22 Ultra 5G, Dual, 256GB 12GB RAM, Burgundy
",S908B/DS Galaxy,Samsung
502,image_502.jpg,"Motorola Moto (g73 5G, 120Hz Full HD Display, Dolby Atmos Stereo Speakers, 5000mAh Battery, TurboPower Charging, 5G, Octa Core Processor, Android 13, 8/256GB, Dual SIM), Midnight Blue
",Moto (g73,Motorola
503,image_503.jpg,"Nokia Vodafone 3310 2G 16GB Mobile Phone (2.4 inch Color Display, 2.4 inch Camera, Bluetooth, Radio, MP3 Player, Dual SIM) Dark Blue
",Vodafone 3310,Nokia
504,image_504.jpg,"Xiaomi 14 Ultra 5G 16GB/512GB White (White) Dual SIM
",14 Ultra,Xiaomi
505,image_505.jpg,"Nokia 216 2G SIM Free Phone Only Black
",216 2G,Nokia
506,image_506.jpg,"Samsung Galaxy A3 (2016) Smartphone (4.7 Inches), Touch Screen, 16GB Memory, Android 5.1, Gold
",Galaxy A3,Samsung
507,image_507.jpg,"Xiaomi 14 Ultra 5G 16/512GB MZB0G86EU
",14 Ultra,Xiaomi
508,image_508.jpg,"Nokia C2-01 Compact
","C2-01 Compact
",Nokia
509,image_509.jpg,"Nokia C2-01 Warm Silver RM-722 Mobile Phone without SIM Unlock Silver
",C2-01 Warm,Nokia
510,image_510.jpg,"Xiaomi Xiaomi 13T Pro 6.7 Inch Octa Core 1TB Smartphone Black Green
",Xiaomi 13T,Xiaomi
511,image_511.jpg,"Samsung Galaxy Xcover 4 Smartphone (5 inch touch screen) 16 GB memory, Android 7.0 Nougat) Black
",Galaxy Xcover,Samsung
512,image_512.jpg,"Xiaomi 13T Pro 16GB/1TB Black Free
",13T Pro,Xiaomi
513,image_513.jpg,"OnePlus North 3 16+256GB DS 5G Misty Green OEM
",North 3,OnePlus
514,image_514.jpg,"OnePlus Jade Green 10T 5G 16GB RAM 256GB Storage, SIM Free Smartphone with Supervooc 150W and Triple Camera System 50 MP
",Jade Green,OnePlus
515,image_515.jpg,"Samsung Galaxy S5 Mini Unlocked Smartphone 4G (Screen: 4.5 Inches â€“ 16 GB â€“ Android Kitkat 4.4) Black
",Galaxy S5,Samsung
516,image_516.jpg,"Motorola Smartphone Edge 50 Ultra 5G Nordic Wood 6.7"" 16GB RAM 1TB
",Smartphone Edge,Motorola
517,image_517.jpg,"Motorola Smartfon Edge 50 Ultra 5G 16/1024GB Peach Fuzz
",Smartfon Edge,Motorola
518,image_518.jpg,"Nokia E63 5.99 cm (2.36"") Blue 1500 mAh
",E63 5.99,Nokia
519,image_519.jpg,"OnePlus 12R, Dual, 256GB, 16GB RAM, Cool Blue.
","12R, Dual,",OnePlus
520,image_520.jpg,"Samsung G900 Galaxy S5 Smartphone 16GB Black [Italy]
",G900 Galaxy,Samsung
521,image_521.jpg,"Samsung Galaxy S5 Unlocked Smartphone 4G (Screen: 5.1 Inches â€“ 16 GB â€“ Android 4.4.2 KitKat) Black
",Galaxy S5,Samsung
522,image_522.jpg,"Motorola Moto X (2nd Generation) Unlocked Smartphone (Screen: 5.2 Inches) Black
",Moto X,Motorola
523,image_523.jpg,"Motorola edge50 Ultra PB0Y0054SE
",edge50 Ultra,Motorola
524,image_524.jpg,"Motorola Moto Edge 50 Ultra (6.67 inch pOLED 144Hz screen, 16GB/1TB memory, 50+50+64MP Al, 4500mAh Turbo Power 125W, Dual SIM, IP68, NFC, 125W charger case in packaging, Android14), Nordic
",Moto Edge,Motorola
525,image_525.jpg,"Samsung Galaxy A3 A300FU LTE 16GB White Unlocked
",Galaxy A3,Samsung
526,image_526.jpg,"SMARTPHONE MOTOROLA MOTO EDGE 50 ULTRA 16GB 1TB GREY
",MOTOROLA MOTO,Xiaomi
527,image_527.jpg,"Nokia 5.1 Plus Dual SIM 32GB 3GB RAM TA-1075 Blue SIM Free
",5.1 Plus,Nokia
528,image_528.jpg,"Xiaomi Redmi A1 Smartphone (6.52 inches, 32 GB memory, 5000 mAh battery) Mobile phone, black
",Redmi A1,Xiaomi
529,image_529.jpg,"SAMSUNG Galaxy A04S 32GB 4G Black
",Galaxy A04S,Samsung
530,image_530.jpg,"Samsung Galaxy S7 Edge Smartphone (5.5 inches, 32 GB internal memory)
",Galaxy S7,Samsung
531,image_531.jpg,"Nokia Smartphone 2.4"" 128 MB RAM Black
","Smartphone 2.4""",Nokia
532,image_532.jpg,"XIAOMI Redmi 9A 32GB 4G Granite Grey
",Redmi 9A,Xiaomi
533,image_533.jpg,"Samsung Galaxy S7 Unlocked Smartphone 4G (Screen: 5.1 Inches 32 GB 4 GB RAM Simple NanoSIM Android) Black
",Galaxy S7,Samsung
534,image_534.jpg,"Samsung Galaxy A10 A105 2GB/32GB Black Dual SIM
",Galaxy A10,Samsung
535,image_535.jpg,"Nokia 230 Dark Sidabrinis, 2.8 "", TFT, 240 x 320 pixels, 16 MB, Dual SIM, Mini-SIM, Bluetooth, 3.0, USB version microUSB 1.1, Built-in camera, 2 MP main camera, 2 MP secondary camera, 1200 mAh
",230 Dark,Nokia
536,image_536.jpg,"Nokia 220 black single sim unlocked
",220 black,Nokia
537,image_537.jpg,"Samsung Galaxy A02s 3GB/32GB Black (Black) Dual SIM A025
",Galaxy A02s,Samsung
538,image_538.jpg,"Xiaomi Redmi A1 Dual SIM 2GB RAM 32GB Light Green EU
",Redmi A1,Xiaomi
539,image_539.jpg,"Nokia G11 Smartphone 6.5"" [6.5] Dual SIM Android 11 4G USB Type-C 3GB 32GB 5050mAh Carbon Vegetal (G11 3/32GB D.SIM â€“ CHA
",G11 Smartphone,Nokia
540,image_540.jpg,"Samsung Galaxy A03 Core Dual SIM 32GB 2GB RAM Black
",Galaxy A03,Samsung
541,image_541.jpg,"Nokia G11 Charcoal, 3+32GB
","G11 Charcoal,",Nokia
542,image_542.jpg,"Samsung GT E1200
","GT E1200
",Samsung
543,image_543.jpg,"Samsung Milwaukee A047F Galaxy A04s Unlocked 32GB/3GB RAM Dual SIM Green
",Milwaukee A047F,Samsung
544,image_544.jpg,"NOKIA T10 TA-1472 WIFI 3/32 BLUE
",T10 TA-1472,Nokia
545,image_545.jpg,"Samsung Sam Galaxy A04s EU-DS-32-3-4G-bk Galaxy A04s LTE 32/3GB Black
",Sam Galaxy,Samsung
546,image_546.jpg,"Samsung Galaxy S7 Edge Unlocked Smartphone 5.5 Inches (Android 6.0, Dual Edge Super AMOLED Display, 12MP Rear Camera and Front 5.5 MP, 32 GB) [Spanish Version: Includes Pay] Gold
",Galaxy S7,Samsung
547,image_547.jpg,"Xiaomi Redmi 9A 2GB/32GB Grey (Granite Gray) Dual SIM
",Redmi 9A,Xiaomi
548,image_548.jpg,"Motorola Moto e32 Moto e32s 6.5"" (6.5') Dual SIM Android 12 4G USB Type-C 3GB 32GB 5000mAh Grey
",Moto e32,Motorola
549,image_549.jpg,"Nokia 6303i classic Electronic Mobile Phone
",6303i classic,Nokia
550,image_550.jpg,"Samsung S7 32GB Unlocked Smartphone (Refurbished)
",S7 32GB,Samsung
551,image_551.jpg,"Apple iPhone 11, 64GB, Black (Refurbished)
","iPhone 11,",Apple
552,image_552.jpg,"Apple iPhone 12 mini, 64GB, Black - (Refurbished)
",iPhone 12,Apple
553,image_553.jpg,"Xiaomi Redmi A3 Vert 3GB RAM 64GB ROM (Version FranÃ§aise + 2 Ans de Garantie)
",Redmi A3,Xiaomi
554,image_554.jpg,"Apple iPhone 11 64GB - Purple - Unlocked (Refurbished)
",iPhone 11,Apple
555,image_555.jpg,"APPLE IPHONE 11 PRO MAX 64GB
",IPHONE 11,Apple
556,image_556.jpg,"iPhone SE 2nd Generation, 64GB, White (Refurbished)
",SE 2nd,Apple
557,image_557.jpg,"SAMSUNG galaxy a14 5g black 64gb
",galaxy a14,Samsung
558,image_558.jpg,"SAMSUNG galaxy a14 4g silver 64gb
",galaxy a14,Samsung
559,image_559.jpg,"Samsung Galaxy A05s Smartphone 64GB Black
",Galaxy A05s,Samsung
560,image_560.jpg,"Xiaomi Redmi A3 3GB/64GB Blue (Star Blue) Dual SIM
",Redmi A3,Xiaomi
561,image_561.jpg,"SAMSUNG Galaxy S9 64GB (Single SIM) - Carbon Black - Android 8.0 - International Version (Refurbished)
",Galaxy S9,Samsung
562,image_562.jpg,"Apple iPhone 12 mini, 64GB, Blue - (Refurbished)
",iPhone 12,Apple
563,image_563.jpg,"APPLE IPHONE SE 2020 64GB
",IPHONE SE,Apple
564,image_564.jpg,"apple iphone 11 64gb
",iphone 11,Apple
565,image_565.jpg,"Apple iPhone SE (64GB) - Starlight
",iPhone SE,Apple
566,image_566.jpg,"Apple iPhone 12 Mini, 64GB, (Product) RED (Refurbishe)
",iPhone 12,Apple
567,image_567.jpg,"Xiaomi Redmi Note 10 Pro 6GB/64GB Grey (Onyx Grey) Dual SIM M2101K6G
",Redmi Note,Xiaomi
568,image_568.jpg,"Samsung Galaxy SM-A057GLGU 17 cm (6.7"") Dual SIM Android 13 4G USB Type-C 4 GB 64 GB 5000 mAh Green
",Galaxy SM-A057GLGU,Samsung
569,image_569.jpg,"Apple iPhone 11, 64GB, White (Refurbished)
","iPhone 11,",Apple
570,image_570.jpg,"Samsung Galaxy S9 Smartphone (5.8 inches (14.8 cm) 64 GB Internal Memory, Dual SIM) â€“ German Version
",Galaxy S9,Samsung
571,image_571.jpg,"Redmi Note 12 â€“ Smartphone, Smooth AMOLED 120Hz Display, 50MP Camera with AI, 2D Battery Life, 33W Quick Charge, Up to 1000GB + with MicroSD, Grey, 4+64GB â€“ FR Version
",Note 12,Redmi
572,image_572.jpg,"SAMSUNG - Smartphone Galaxy A14 5G Silver 6.6 IN 4GB 64GB Android 13
",- Smartphone,Samsung
573,image_573.jpg,"Samsung Galaxy A05s Smartphone 64 GB Silver
",Galaxy A05s,Samsung
574,image_574.jpg,"Apple iPhone 12 Mini, 64GB, Green Green One
",iPhone 12,Apple
575,image_575.jpg,"Apple iPhone 13 (128GB) - Midnight
",iPhone 13,Apple
576,image_576.jpg,"Apple iphone 15 (128gb) - black
",iphone 15,Apple
577,image_577.jpg,"Samsung Galaxy SM-A057GLGV 17 cm (6.7"") Dual SIM Android 13 4G USB Type-C 4 GB 128 GB 5000 mAh Green
",Galaxy SM-A057GLGV,Samsung
578,image_578.jpg,"Samsung Galaxy A35 128GB 6RAM 5G EU Black
",Galaxy A35,Samsung
579,image_579.jpg,"Samsung Galaxy SM-A057G 17 cm (6.7"") Dual SIM Android 13 4G USB Type-C 4 GB 128 GB 5000 mAh Black
",Galaxy SM-A057G,Samsung
580,image_580.jpg,"Apple iPhone 14 (128 Go) - Minuit
",iPhone 14,Apple
581,image_581.jpg,"Apple iphone 16 (128gb) - black
",iphone 16,Apple
582,image_582.jpg,"Samsung Galaxy A25 Smartphone 128GB 5G Midnight Blue
",Galaxy A25,Samsung
583,image_583.jpg,"Apple iPhone 16 Pro (128GB) - Black Titanium
",iPhone 16,Apple
584,image_584.jpg,"Samsung Galaxy A25 5G 16.5 cm (6.5"") USB Type-C 6 GB 128 GB 5000 mAh Black
",Galaxy A25,Samsung
585,image_585.jpg,"apple iphone 12 128gb
",iphone 12,Apple
586,image_586.jpg,"Samsung Galaxy A15 4G Smartphone 128GB Midnight Blue
",Galaxy A15,Samsung
587,image_587.jpg,"Samsung Galaxy A54 5G 8GB/128GB Black (Awesome Black) Dual SIM A546B
",Galaxy A54,Samsung
588,image_588.jpg,"SAMSUNG galaxy s23 128gb black
",galaxy s23,Samsung
589,image_589.jpg,"Samsung Galaxy A35 128GB 6RAM 5G EU Blue
",Galaxy A35,Samsung
590,image_590.jpg,"Apple iphone 13 128gb - red
",iphone 13,Apple
591,image_591.jpg,"Samsung Galaxy S24 FE Smartphone 128GB Graphite
",Galaxy S24,Samsung
592,image_592.jpg,"Apple iPhone 15 Plus (128GB) - Pink
",iPhone 15,Apple
593,image_593.jpg,"Samsung Galaxy SM-A057G/DSN 17 cm (6.7"") Dual SIM Android 13 4G USB Type-C 4 GB 128 GB 5000 mAh Silver
",Galaxy SM-A057G/DSN,Samsung
594,image_594.jpg,"Samsung Galaxy S24 FE Smartphone 128 GB Blue
",Galaxy S24,Samsung
595,image_595.jpg,"Samsung SM-A346B Galaxy A34 Dual Sim 6+128GB Awesome Graphite DE
",SM-A346B Galaxy,Samsung
596,image_596.jpg,"Xiaomi Redmi Note 13 Pro 5G 8GB/128GB Black (Midnight Black) Dual SIM
",Redmi Note,Xiaomi
597,image_597.jpg,"SAMSUNG Galaxy A25 128GB Lime 5G Smartphone
",Galaxy A25,Samsung
598,image_598.jpg,"Samsung Galaxy A15 16.5 cm (6.5"") Hybrid Dual SIM Android 14 4G USB Type-C 4 GB 128 GB 5000 mAh Blue
",Galaxy A15,Samsung
599,image_599.jpg,"Redmi Note 13 Black 8GB + 256GB
",Note 13,Redmi
600,image_600.jpg,"Samsung Galaxy A55 Smartphone 256GB 5G Midnight Blue
",Galaxy A55,Samsung
601,image_601.jpg,"Apple iPhone 16 Pro Max (256GB) - Titanium Sand
",iPhone 16,Apple
602,image_602.jpg,"Xiaomi 14T - Leica Summilux Optical Lens - 12GB RAM - 256GB Storage - MediaTek Dimensity 8300-Ultra - Sony IMX906 Image Sensor - 144Hz AI Display - 67W HyperCharge - Titan Black
",14T -,Xiaomi
603,image_603.jpg,"SAMSUNG Galaxy A55 5G Smartphone 256GB Sky Blue
",Galaxy A55,Samsung
604,image_604.jpg,"Samsung Galaxy A55 256GB Dark Blue 6.6"" 5G (8GB) EU Model Android
",Galaxy A55,Samsung
605,image_605.jpg,"Samsung Galaxy S24 Ultra 5G 256GB/12GB Dual SIM Titanio
",Galaxy S24,Samsung
606,image_606.jpg,"Xiaomi Redmi Note 13 Pro 4G 256 GB Forest Green
",Redmi Note,Xiaomi
607,image_607.jpg,"Samsung Galaxy S24 8/256 Black
",Galaxy S24,Samsung
608,image_608.jpg,"Apple iphone 15 (256gb) - black
",iphone 15,Apple
609,image_609.jpg,"POCO F6 SnapdragonÂ® 8 Gen 3, 120Hz Flow AMOLED display, 90W Turbo Charging, 50MP dual camera with OIS, 8GB+256GB, Black
",F6 SnapdragonÂ®,Poco
610,image_610.jpg,"Xiaomi POCO C65 8GB/256GB Blue (Blue) Dual SIM
",POCO C65,Xiaomi
611,image_611.jpg,"Xiaomi Redmi Note 13 Pro 16.9 cm (6.67"") Dual SIM Android 13 4G USB Type-C 8 GB 256 GB 5000 mAh Black
",Redmi Note,Xiaomi
612,image_612.jpg,"SAMSUNG Galaxy A15, Android 14 Smartphone, 6.5"" FHD+ Super AMOLED Display, 8GB RAM, 256GB, Internal Memory Expandable up to 1TB, 5000mAh Battery, Yellow
","Galaxy A15,",Samsung
613,image_613.jpg,"Samsung Galaxy Z Fold 6 256GB Blue 7.6"" 5G (12GB) EU Model Android
",Galaxy Z,Samsung
614,image_614.jpg,"Xiaomi Redmi 13 8GB/256GB Black (Midnight Black) Dual SIM
",Redmi 13,Xiaomi
615,image_615.jpg,"Xiaomi Redmi Note 13 5G Smartphone + Headphones, 8GB+256GB Blue (BE Version + 2 Year Warranty)
",Redmi Note,Xiaomi
616,image_616.jpg,"Apple iPhone 14 (256 Go) - Mauve
",iPhone 14,Apple
617,image_617.jpg,"Xiaomi Poco X6 Pro 5G Smartphone + Headphones, 8+256 Mobile Phone Without Contract, 64MP OIS Triple Camera, Bright Black (BE Version + 2 Year Warranty)
",Poco X6,Xiaomi
618,image_618.jpg,"Apple iphone 16 (256gb) - black
",iphone 16,Apple
619,image_619.jpg,"Galaxy A55 5G 256GB, Handy Awesome Lemon, Android 14.8 GB
",A55 5G,Samsung
620,image_620.jpg,"Apple iPhone 16 Pro (256GB) - Titanium Sand
",iPhone 16,Apple
621,image_621.jpg,"Samsung Galaxy S22 Ultra, 5G Mobile Phone 256GB Black, SIM Card Not Included, Android Smartphone, FR Version
",Galaxy S22,Samsung
622,image_622.jpg,"Samsung Galaxy A25 5G 16.5 cm (6.5"") USB Type-C 8 GB 256 GB 5000 mAh Black
",Galaxy A25,Samsung
623,image_623.jpg,"Samsung Galaxy S24 Ultra 12/512 Black
",Galaxy S24,Samsung
624,image_624.jpg,"Apple iPhone 16 Pro (1TB) - Titanium Sand
",iPhone 16,Apple
625,image_625.jpg,"Samsung Galaxy Z Flip6 Smartphone 512 GB Grey
",Galaxy Z,Samsung
626,image_626.jpg,"POCO F6 SnapdragonÂ® 8 Gen 3, 120Hz Flow AMOLED display, 90W Turbo Charging, 50MP dual camera with OIS, 12GB+512GB, Black
",F6 SnapdragonÂ®,Poco
627,image_627.jpg,"Xiaomi Poco X6 Pro 5G Smartphone + Headphones, 12+512 Mobile Phone Without Contract, 64MP OIS Triple Camera, Yellow (BE Version + 2 Year Guarantee)
",Poco X6,Xiaomi
628,image_628.jpg,"Apple iPhone 16 Pro Max (512GB) - Titanium Sand
",iPhone 16,Apple
629,image_629.jpg,"Apple iphone 16 (512gb) - black
",iphone 16,Apple
630,image_630.jpg,"Xiaomi Redmi Note 13 Pro + 5G Smartphone 12+512GB, 6.67 Super QPD, 120W HyperCharge, 2.8GHz, Black (EU Version)
",Redmi Note,Xiaomi
631,image_631.jpg,"Xiaomi Redmi Note 13 Pro+ 5G Smartphone + Headphones, 2.8GHz 12GB+512GB Black (BE Version + 2 Year Warranty)
",Redmi Note,Xiaomi
632,image_632.jpg,"Xiaomi Redmi Note 13 Pro 5G Smartphone + Headphones, 12GB+512GB Black (BE Version + 2 Year Warranty)
",Redmi Note,Xiaomi
633,image_633.jpg,"Xiaomi 13T Pro, AMOLED 144Hz, 12+512GB, Leica Camera, black
","13T Pro,",Xiaomi
634,image_634.jpg,"Xiaomi Redmi Note 13 Pro 4G Smartphone + Headphones, 2.2GHz 12GB+512GB Green (BE Version + 2 Year Warranty)
",Redmi Note,Xiaomi
635,image_635.jpg,"Apple iphone 15 (512gb) - black
",iphone 15,Apple
636,image_636.jpg,"Apple iPhone 13 (512GB) - Green
",iPhone 13,Apple
637,image_637.jpg,"Xiaomi Redmi Note 13 Pro 5G 512GB (Midnight Black, Android 13, 5G, 12 GB LPDDR4X)
",Redmi Note,Xiaomi
638,image_638.jpg,"Samsung Galaxy Z Fold6 Smartphone 1TB Grey
",Galaxy Z,Samsung
639,image_639.jpg,"Samsung Galaxy S24 Ultra 12/512 Silver
",Galaxy S24,Samsung
640,image_640.jpg,"Xiaomi Poco X6 Pro 5G 12GB/512GB Grey (Gray) Dual SIM
",Poco X6,Xiaomi
641,image_641.jpg,"Apple iPhone 15 Pro Max (512GB) - Natural Titanium
",iPhone 15,Apple
642,image_642.jpg,"Samsung Galaxy Z Fold6 Smartphone 512 GB Blue
",Galaxy Z,Samsung
643,image_643.jpg,"OnePlus North 4 16GB 512GB Obsidian Midnight
",North 4,OnePlus
644,image_644.jpg,"Xiaomi 13T Pro 5G 12GB/512GB Black Dual SIM
",13T Pro,Xiaomi
645,image_645.jpg,"Samsung galaxy s24 ultra 12/512 purple
",galaxy s24,Samsung
646,image_646.jpg,"Xiaomi POCO M6 Pro 12GB/512GB Purple (Purple) Dual SIM
",POCO M6,Xiaomi
647,image_647.jpg,"Samsung Galaxy S21 5G EE Silver 128GB
",Galaxy S21,Samsung
648,image_648.jpg,"Samsung Galaxy S21 5G SM-G991B 15.8 cm (6.2"") Dual SIM Android 11 USB Type-C 8 GB 256 GB 4000 mAh Purple
",Galaxy S21,Samsung
649,image_649.jpg,"Samsung Galaxy S21 5G 8GB/128GB White (Phantom White) Dual SIM G991
",Galaxy S21,Samsung
650,image_650.jpg,"OnePlus Nord CE 2 5G 8GB/128GB Grey (Mirror Grey) Dual SIM IV2201
",Nord CE,OnePlus
651,image_651.jpg,"OnePlus Nord CE 2 5G 8GB/128GB Blue (Bahama Blue) Dual SIM IV2201
",Nord CE,OnePlus
652,image_652.jpg,"Samsung Galaxy S7 Edge Smartphone (5.5 inches, 32 GB internal memory)
",Galaxy S7,Samsung
653,image_653.jpg,"Samsung Galaxy S7 Unlocked Smartphone 4G (Screen: 5.1 Inches 32 GB 4 GB RAM Simple NanoSIM Android) Black
",Galaxy S7,Samsung
654,image_654.jpg,"Samsung Galaxy S9 (5.8"", Wi-Fi, Bluetooth 64 GB, 4 GB RAM, Dual SIM, 12 MP, Android 8.0 Oreo), Blue - Other European Version
",Galaxy S9,Samsung
655,image_655.jpg,"Nokia 300 Mobile Phone GSM/EDGE/GPRS/HSDPA Bluetooth Graphite
",300 Mobile,Nokia
656,image_656.jpg,"Nokia 6303 i -Mobile Phone GSM/GPRS/EDGE Bluetooth Silver
",6303 i,Nokia
657,image_657.jpg,"Nokia Dual SIM 230 Smartphone (7.11 cm (2.8 ""), 16 MB, 2 Megapixel, Series 30+ Operating System, Silver
",Dual SIM,Nokia
658,image_658.jpg,"Sam DS A546B Gal A54 5G 8+128 OEM EU GRN
",DS A546B,Samsung
659,image_659.jpg,"Nokia Mobile Phone 225 4G (2.4"", 128MB) Pink
",Mobile Phone,Nokia
660,image_660.jpg,"Nokia C2-05 Mobile Phone GSM/EDGE/GPRS Bluetooth Peacock Blue
",C2-05 Mobile,Nokia
661,image_661.jpg,"Nokia X3-02 Touch and Type Mobile Phone Quad-band 3G+ Bluetooth Metal Dark
",X3-02 Touch,Nokia
662,image_662.jpg,"Nokia C3-00 Mobile Phone GSM Bluetooth Pink Flash
",C3-00 Mobile,Nokia
663,image_663.jpg,"Nokia C6-00 Black - Smartphone, Single SIM, Symbian OS, Minisim, GPRS, HSCSD, HSDPA, WCDMA, Sliding Control)
",C6-00 Black,Nokia
664,image_664.jpg,"Oneplus Nord CE 3 Unlocked Phones & Smartphones, 12+256GB, 5G Snapdragon 782G, 50MP Camera, 6.7"" AMOLED Display, 120Hz 80W SupervoOC 5000mAh Battery, Two
",Nord CE,OnePlus
665,image_665.jpg,"Samsung Unlocked smartphone (6.3 inches, 6 GB RAM, 64 GB, 12 MP/Italian version: does not include SAMSUNG Pay or access to SAMSUNG Members promotions), black
",Unlocked smartphone,Samsung
666,image_666.jpg,"Samsung Galaxy A3 A300FU LTE 16GB White Unlocked
",Galaxy A3,Samsung
667,image_667.jpg,"SAMSUNG Galaxy Xcover6 Pro 16.8 cm (6.6"") Hybrid Dual SIM 5G USB, W128445418 (6.6) Hybrid Dual SIM 5G USB Type-C 6 GB 128 GB 4050 mAh Black
",Galaxy Xcover6,Samsung
668,image_668.jpg,"Xiaomi Redmi Note 12 Pro 5G Smartphone, Chinese Version with Global ROM, 6.67"" OLED Display 120Hz, 1080, 5000mAh Charging, 67W, Non-NFC (8+256GB, Black)
",Redmi Note,Xiaomi
669,image_669.jpg,"Poco M4 5G 4/64GB. Juodas
",M4 5G,Poco
670,image_670.jpg,"Poco M4 Smartphone 6.58 Inch Blue 64GB 4GB RAM
",M4 Smartphone,Poco
671,image_671.jpg,"M4 5G 4/64GB. mÃ„â€”lynas
",5G 4/64GB.,Poco
672,image_672.jpg,"Xiaomi POCO M4 Smartphone 4GB/64GB/6.58""/5G/ Yellow
",POCO M4,Xiaomi
673,image_673.jpg,"Xiaomi Mi Mix 2S 5.99 Inch Dual SIM 4G 6GB 128GB 3400mAh White Smartphone (5.99 Inch), 128GB, 12MP, Android, 8.1, White
",Mi Mix,Xiaomi
674,image_674.jpg,"Samsung Galaxy S9+ Smartphone (6.2 inch Touch Screen, 64GB Internal Memory, Android, Dual SIM) Midnight Black - International Versions
",Galaxy S9+,Samsung
675,image_675.jpg,"Samsung Galaxy Note 8 Midnight Black Sm-n950 F Italy
",Galaxy Note,Samsung
676,image_676.jpg,"Apple iPhone 13 (128GB) - Midnight
",iPhone 13,Apple
677,image_677.jpg,"Xiaomi Redmi Note 13 Pro 5G 8GB/256GB Purple (Aurora Purple) Dual SIM
",Redmi Note,Xiaomi
678,image_678.jpg,"Xiaomi Redmi Note 13 Pro 4G 256 GB Forest Green
",Redmi Note,Xiaomi
679,image_679.jpg,"XIAOMI - Redmi Note 13 Pro - 512GB - Midnight Black
",- Redmi,Xiaomi
680,image_680.jpg,"Xiaomi Poco F6 Pro 5G 12GB/256GB White Dual SIM
",Poco F6,Xiaomi
681,image_681.jpg,"Xiaomi Redmi Note 13 Pro 4G 8GB/256GB Purple (Lavender Purple) Dual SIM
",Redmi Note,Xiaomi
682,image_682.jpg,"Xiaomi Redmi Note 13 Pro+ 5G 12GB/512GB Black (Midnight Black) Dual SIM
",Redmi Note,Xiaomi
683,image_683.jpg,"Xiaomi Redmi Note 13 Pro 5G 8GB/128GB Black (Midnight Black) Dual SIM
",Redmi Note,Xiaomi
684,image_684.jpg,"Xiaomi Poco X6 Pro 5G Smartphone + Headphones, 12+512 Mobile Phone Without Contract, 64MP OIS Triple Camera, Yellow (BE Version + 2 Year Guarantee)
",Poco X6,Xiaomi
685,image_685.jpg,"Xiaomi Redmi Note 13 Pro+ 5G 8GB/256GB White (Moonlight White) Dual SIM
",Redmi Note,Xiaomi
686,image_686.jpg,"Xiaomi Redmi Note 13 16.9 cm (6.67"") Dual SIM Android 13 4G USB Type-C 6 GB 128 GB 5000 mAh Green,Mint colour
",Redmi Note,Xiaomi
687,image_687.jpg,"Samsung SM-A156B Galaxy A15 Dual SIM 5G 4GB RAM 128GB Blue Black EU
",SM-A156B Galaxy,Samsung
688,image_688.jpg,"Redmi Note 13 5G Blue 8GB + 256GB
",Note 13,Redmi
689,image_689.jpg,"Apple iPhone SE (128GB) - Midnight
",iPhone SE,Apple
690,image_690.jpg,"Samsung - Galaxy S908 Ultra 5G 128GB Mobile Phone, Black
",- Galaxy,Samsung
691,image_691.jpg,"Xiaomi Poco X6 5G 12GB/256GB Black Dual SIM
",Poco X6,Xiaomi
692,image_692.jpg,"Xiaomi Redmi Note 13 Pro 4G Smartphone + Headphones, 2.2GHz 12GB+512GB Green (BE Version + 2 Year Warranty)
",Redmi Note,Xiaomi
693,image_693.jpg,"Xiaomi Poco X6 Pro 5G 8GB/256GB Black Dual SIM
",Poco X6,Xiaomi
694,image_694.jpg,"Xiaomi POCO M6 Pro, TÃ©lÃ©phone Mobile 8/256Go Violet, Carte SIM non Incluse, Smartphone Android, Version FR
",POCO M6,Xiaomi
695,image_695.jpg,"Xiaomi 13T 256GB 8RAM 5G EU Black
",13T 256GB,Xiaomi
696,image_696.jpg,"Xiaomi Redmi Note 13 4G 6GB/128GB Black (Midnight Black) Dual SIM
",Redmi Note,Xiaomi
697,image_697.jpg,"Redmi Note 13 256GB (Mint Green, Android 13, LTE)
",Note 13,Redmi
698,image_698.jpg,"Motorola Edge 50 Fusion 5G 12GB-512GB Azul (Forest Blue) XT2429-2
",Edge 50,Motorola
699,image_699.jpg,"Nokia X30 5G Smartphone 128GB, 6GB RAM, 50MP Dual Camera, 6.43"" AMOLED FHD+ Display, Android 12, 4200mAh Battery, Dual Sim, Blue, Version with Extra USB Type-C Cable
",X30 5G,Nokia
700,image_700.jpg,"Apple iPhone X 256GB Space Gray (Refurbished)
",iPhone X,Apple
701,image_701.jpg,"Nokia 3310 - Unlocked GSM Mobile Phone (2.4 inch Screen, 32GB ROM, Dual SIM 2MP Camera) Night Blue
",3310 -,Nokia
702,image_702.jpg,"Apple Iphone Xr 128GB White (Refurbished)
",Iphone Xr,Apple
703,image_703.jpg,"Xiaomi Redmi Note 11 Pro 5G Smartphone 6.67"" FHD+ AMOLED DotDisplay, 120Hz FHD+ AMOLED DotDisplay, 67W Turbo Charge 6G+64GB Graphite Grey [Global Version]
",Redmi Note,Xiaomi
704,image_704.jpg,"SAMSUNG Galaxy Z Flip 3 5G Cream Smartphone
",Galaxy Z,Samsung
705,image_705.jpg,"Apple Iphone Xr 64GB White (Refurbished)
",Iphone Xr,Apple
706,image_706.jpg,"Apple Iphone Xr 64GB Red (Refurbished)
",Iphone Xr,Apple
707,image_707.jpg,"Apple Iphone Xr 64GB Black (Refurbished)
",Iphone Xr,Apple
708,image_708.jpg,"Apple Iphone Xr 128GB Black (Refurbished)
",Iphone Xr,Apple
709,image_709.jpg,"Apple iPhone XS 64GB Gold (Refurbished)
",iPhone XS,Apple
710,image_710.jpg,"Apple Iphone Xr 128GB Blue (Refurbished)
",Iphone Xr,Apple
711,image_711.jpg,"Apple Iphone Xr 64GB Coral (Refurbished)
",Iphone Xr,Apple
712,image_712.jpg,"Apple iPhone XS 64GB Space Gray (Refurbished)
",iPhone XS,Apple
713,image_713.jpg,"Apple iPhone XS 256GB Silver (Refurbished)
",iPhone XS,Apple
714,image_714.jpg,"Apple Iphone Xr 256GB Black (Refurbished)
",Iphone Xr,Apple
715,image_715.jpg,"Motorola Edge30 Unlocked Smartphone 5G 128GB SIM Free Dual SIM Card - Meteor Grey Version FR
",Edge30 Unlocked,Motorola
716,image_716.jpg,"Samsung Galaxy S22 Ultra 5G Smartphone, 6.8 Inch Dynamic AMOLED Display, 120Hz, HDR10+, 108MP Camera, 5000mAh Battery, Hybrid SIM, Android 12-13, German Version (128GB, White)
",Galaxy S22,Samsung
717,image_717.jpg,"Samsung Galaxy S22 Ultra 5G Smartphone, 6.8 inch Dynamic AMOLED Display, 120Hz, HDR10+, 108MP Camera, 5000mAh Battery, Hybrid SIM, Android 12-13, German Version (256GB, Black)
",Galaxy S22,Samsung
718,image_718.jpg,"Motorola Moto Edge 20 Pro Unlocked Smartphone 5G (Screen: 6.7 Inches â€“ 12 GB/256 GB â€“ Dual SIM â€“ Android 10.0) Blue Version FR
",Moto Edge,Motorola
719,image_719.jpg,"Xiaomi Redmi 9A Smartphone 2GB RAM 32GB ROM Mobile Phone 6.53"" HD + MTK Helio G25 Eight Core Processor, Dual SIM+Micro-SD,13MP AI Face Unlock Camera Global Version (Grey)
",Redmi 9A,Xiaomi
720,image_720.jpg,"SAMSUNG S20 FE 5G Dual SIM 128GB
",S20 FE,Samsung
721,image_721.jpg,"Samsung SM-A520F Galaxy A5 (2017) 32GB Black Sky EU
",SM-A520F Galaxy,Samsung
722,image_722.jpg,"Xiaomi 11T 5G Smartphone 8+256GB, 6.67 Inch 120Hz AMOLED Flat DotDisplay, MediaTek Dimensity 1200-Ultra, 108MP Camera Pro, 5000mAh, Comet Grey (French Version + 2 Years Guarantee) Amazon Exclusive
",11T 5G,Xiaomi
723,image_723.jpg,"Xiaomi 13 - Smartphone designed with Leica, Professional Optics Lecia, Snapdragon 8 Gen 2, Screen, AMOLED FHD+ 120Hz, Turbo Charge 67W, 8+256GB, White in Version
",13 -,Xiaomi
724,image_724.jpg,"Xiaomi 11 Lite 5G NE 2109119DG Smartphone, Dual Sim, Bubblegum Blue, 8+128GB
",11 Lite,Xiaomi
725,image_725.jpg,"Xiaomi Mi 11i Unlocked Smartphone 5G (Screen: 6.67 Inches - 8GB RAM/128GB ROM) Cosmic Black
",Mi 11i,Xiaomi
726,image_726.jpg,"OnePlus Nord CE 2 5G 8GB/128GB Grey (Mirror Grey) Dual SIM IV2201
",Nord CE,OnePlus
727,image_727.jpg,"OnePlus Nord CE 2 5G 8GB/128GB Blue (Bahama Blue) Dual SIM IV2201
",Nord CE,OnePlus
728,image_728.jpg,"Nokia 3310 2G Unlocked Mobile Phone (2.4"" Color Screen, 2MP Camera, Bluetooth, Radio, MP3 Player, Dual SIM) Retro Grey
",3310 2G,Nokia
729,image_729.jpg,"Nokia 5.1 Plus Dual SIM 32GB 3GB RAM TA-1075 Blue SIM Free
",5.1 Plus,Nokia
730,image_730.jpg,"SAMSUNG Galaxy S9 64GB (Single SIM) - Carbon Black - Android 8.0 - International Version (Refurbished)
",Galaxy S9,Samsung
731,image_731.jpg,"Xiaomi Redmi Note 12 Pro+ Smartphone (5G, 8GB RAM, 256GB ROM, 6.67"", Polar White)
",Redmi Note,Xiaomi
732,image_732.jpg,"Samsung Galaxy A51, 4GB RAM, 128GB Memory, Prismatic Black
","Galaxy A51,",Samsung
733,image_733.jpg,"XIAOMI Redmi 9A 32GB 4G Granite Grey
",Redmi 9A,Xiaomi
734,image_734.jpg,"Nokia 2660 Flip 4G Pink (Pop Pink) Dual SIM
",2660 Flip,Nokia
735,image_735.jpg,"Samsung Galaxy A10 A105 2GB/32GB Black Dual SIM
",Galaxy A10,Samsung
736,image_736.jpg,"Samsung Galaxy S9 64 GB (Single SIM) - Black - Android 8.0 - German Version
",Galaxy S9,Samsung
737,image_737.jpg,"Nokia - 6310 Black unlocked (no brand, no SIM lock)
",- 6310,Nokia
738,image_738.jpg,"Apple iPhone 8 64GB Space Gray (Refurbished)
",iPhone 8,Apple
739,image_739.jpg,"Nokia 230 Dark Sidabrinis, 2.8 "", TFT, 240 x 320 pixels, 16 MB, Dual SIM, Mini-SIM, Bluetooth, 3.0, USB version microUSB 1.1, Built-in camera, 2 MP main camera, 2 MP secondary camera, 1200 mAh
",230 Dark,Nokia
740,image_740.jpg,"Nokia 3310 3G Mobile Phone, 64 MB Internal Memory, 2 MP, Charcoal Grey
",3310 3G,Nokia
741,image_741.jpg,"Apple iPhone 8 64GB Red (Refurbished)
",iPhone 8,Apple
742,image_742.jpg,"Nokia G22 64GB, Android, Meteor Grey
","G22 64GB,",Nokia
743,image_743.jpg,"Nokia HMD Global 6310 Dark Green Unlocked Unlocked Unbranded
",HMD Global,Nokia
744,image_744.jpg,"Nokia 6310 (2021) â€“ 2G Mobile Phone (Screen: 2.8"" - 0.8 GB) Green
",6310 (2021),Nokia
745,image_745.jpg,"Xiaomi Redmi S2 Dual SIM 64GB 4GB RAM Dark Gray
",Redmi S2,Xiaomi
746,image_746.jpg,"Samsung Galaxy S9 G960F Dual Sim 64GB 4GB RAM LTE Gold
",Galaxy S9,Samsung
747,image_747.jpg,"Xiaomi Xia Redmi Note 12 64-4-4G-gy Redmi Note 12 4G 64/4GB Onxy
",Xia Redmi,Xiaomi
748,image_748.jpg,"Nokia 150 (2020) Dual-Sim Black EU
",150 (2020),Nokia
749,image_749.jpg,"Apple iPhone 14 Plus 128GB Blue EU - 11159
",iPhone 14,Apple
750,image_750.jpg,"Apple iPhone 14 Pro Max Smartphone Silver 128GB 6.7""
",iPhone 14,Apple
751,image_751.jpg,"Samsung Galaxy A12 â€“ Smartphone 64GB, 4GB RAM, Dual Sim, White [EU Version]
",Galaxy A12,Samsung
752,image_752.jpg,"Apple iPhone 11 64GB - Purple - Unlocked (Refurbished)
",iPhone 11,Apple
753,image_753.jpg,"iPhone SE 2nd Generation, 64GB, White (Refurbished)
",SE 2nd,Apple
754,image_754.jpg,"Apple iPhone X 256GB Space Gray (Refurbished)
",iPhone X,Apple
755,image_755.jpg,"iPhone SE 2nd Generation, 128GB, Red (Refurbished)
",SE 2nd,Apple
756,image_756.jpg,"Samsung Galaxy A51, 4GB RAM, 128GB Memory, Prismatic Black
","Galaxy A51,",Samsung
757,image_757.jpg,"iPhone SE 2nd Generation, 128GB, White (Refurbished)
",SE 2nd,Apple
758,image_758.jpg,"Apple iPhone 11, 64GB, White (Refurbished)
","iPhone 11,",Apple
759,image_759.jpg,"Samsung Galaxy A51 Smartphone 128GB 4GB Prism Crush Black
",Galaxy A51,Samsung
760,image_760.jpg,"Samsung Galaxy S20+ 5G - 128GB/12GB RAM, Cosmic Gray
",Galaxy S20+,Samsung
761,image_761.jpg,"Xiaomi Redmi Note 13 4G Unlocked Smartphone 8+256GB 6.67"" AMOLED Display, 120Hz, 108MP Triple Camera, Snapdragon 685 Processor, 5000mAh Battery, 33W Fast Charging, Ice Blue
",Redmi Note,Xiaomi
762,image_762.jpg,"Apple Iphone Xr 128GB White (Refurbished)
",Iphone Xr,Apple
763,image_763.jpg,"Samsung Galaxy A10 A105 2GB/32GB Black Dual SIM
",Galaxy A10,Samsung
764,image_764.jpg,"Nokia 7.2 Smartphone 64GB, 4GB RAM, Dual Sim, Charcoal Black
",7.2 Smartphone,Nokia
765,image_765.jpg,"Apple iPhone XR, 64GB, Black (Refurbished)
","iPhone XR,",Apple
766,image_766.jpg,"Apple Iphone Xr 64GB White (Refurbished)
",Iphone Xr,Apple
767,image_767.jpg,"Xiaomi Redmi Note 11 4GB/128GB Blue (Twilight Blue) Dual SIM
",Redmi Note,Xiaomi
768,image_768.jpg,"Apple Iphone Xr 64GB Red (Refurbished)
",Iphone Xr,Apple
769,image_769.jpg,"Apple iPhone 11 - Green, 128 GB, (Refurbished)
",iPhone 11,Apple
770,image_770.jpg,"Xiaomi Mobile Phone Poco M5S 256GB ROM 8GB RAM Blue
",Mobile Phone,Xiaomi
771,image_771.jpg,"Apple Iphone Xr 64GB Black (Refurbished)
",Iphone Xr,Apple
772,image_772.jpg,"Samsung Galaxy A50 Smartphone (16.3 cm (6.4 Inches) 128 GB Internal Memory, 4 GB RAM, Black) German Version (Refurbished)
",Galaxy A50,Samsung
773,image_773.jpg,"Xiaomi Poco F6 5G 12GB/512GB Green (Green) Dual SIM
",Poco F6,Xiaomi
774,image_774.jpg,"Apple Iphone Xr 128GB Black (Refurbished)
",Iphone Xr,Apple
775,image_775.jpg,"Apple iPhone XS 64GB Gold (Refurbished)
",iPhone XS,Apple
776,image_776.jpg,"Samsung SM-A156B Galaxy A15 Dual SIM 5G 4GB RAM 128GB Blue Black EU
",SM-A156B Galaxy,Samsung
777,image_777.jpg,"Galaxy A55 5G 256GB, Handy Awesome Lemon, Android 14.8 GB
",A55 5G,Samsung
778,image_778.jpg,"Nokia 5.1 Plus Dual SIM 32GB 3GB RAM TA-1075 Blue SIM Free
",5.1 Plus,Nokia
779,image_779.jpg,"SAMSUNG Galaxy S9 64GB (Single SIM) - Carbon Black - Android 8.0 - International Version (Refurbished)
",Galaxy S9,Samsung
780,image_780.jpg,"Nokia 216 2G SIM Free Phone Only Black
",216 2G,Nokia
781,image_781.jpg,"Xiaomi Redmi Note 12 Pro+ Smartphone (5G, 8GB RAM, 256GB ROM, 6.67"", Polar White)
",Redmi Note,Xiaomi
782,image_782.jpg,"Samsung Galaxy A51, 4GB RAM, 128GB Memory, Prismatic Black
","Galaxy A51,",Samsung
783,image_783.jpg,"Samsung Galaxy S7 Edge Smartphone (5.5 inches, 32 GB internal memory)
",Galaxy S7,Samsung
784,image_784.jpg,"Samsung Smartphone Galaxy S20, 5G, 12GB + 128GB, Grey
",Smartphone Galaxy,Samsung
785,image_785.jpg,"Samsung Galaxy S9 Smartphone (5.8 inches (14.8 cm) 64 GB Internal Memory, Dual SIM) â€“ German Version
",Galaxy S9,Samsung
786,image_786.jpg,"XIAOMI Redmi 9A 32GB 4G Granite Grey
",Redmi 9A,Xiaomi
787,image_787.jpg,"Xiaomi Redmi Note 12 Smartphone 6GB / 128GB / 6.67"" / 5G / Ice Blue
",Redmi Note,Xiaomi
788,image_788.jpg,"Samsung Galaxy A71 Dual SIM 128GB 6GB RAM SM-A715FN/DS Crush Black
",Galaxy A71,Samsung
789,image_789.jpg,"Samsung Galaxy S7 Unlocked Smartphone 4G (Screen: 5.1 Inches 32 GB 4 GB RAM Simple NanoSIM Android) Black
",Galaxy S7,Samsung
790,image_790.jpg,"SAMSUNG Galaxy Note 10 Plus Aura Glow Mobile Phone - 6.8 Inches/17.3 cm - CAM (12+16+12)/10MPX - OC - 256 GB - 12 GB RAM - 4G - Dual
",Galaxy Note,Samsung
791,image_791.jpg,"Samsung Galaxy S9 64 GB (Single SIM) - Black - Android 8.0 - German Version
",Galaxy S9,Samsung
792,image_792.jpg,"Samsung Tel 1286791 Smartphone 5g 6.5 Inches 8+128 GB A55 Light Blue SM-A556BLBAEUE
",Tel 1286791,Samsung
793,image_793.jpg,"Samsung Galaxy S10+ Smartphone (16.2 cm (6.4 Inches) 128 GB Internal Memory, 8 GB RAM, Prism Green (Standard) German Version
",Galaxy S10+,Samsung
794,image_794.jpg,"Samsung Galaxy Note 10 Plus Dual Sim 256GB 12GB RAM Sm-N975F/DS Aura Glow Silver
",Galaxy Note,Samsung
795,image_795.jpg,"Nokia 6303 Classic Steel 6303 (without Simlock) Without SIM card Silver
",6303 Classic,Nokia
796,image_796.jpg,"GenÃ©rico Galaxy S23 Ultra, 512GB Android Smartphone, 5000mAh Battery, Unlocked Smartphone Green (Korean International Version)
",Galaxy S23,Samsung
797,image_797.jpg,"Nokia 7230 Mobile Phone grey
",7230 Mobile,Nokia
798,image_798.jpg,"Xiaomi Redmi 10 (2022) - Smartphone 64GB, 4GB RAM, Dual Sim, Pebble White
",Redmi 10,Xiaomi
799,image_799.jpg,"Xiaomi Redmi Note 10 5G 16.5 cm (6.5"") Dual SIM Android 11 USB Type-C 4 GB 128 GB 5000 mAh Grey",Redmi Note,Xiaomi
