,Labels
0,Samsung Galaxy A53 5G 256GB Black
1,S906 Galaxy S22+ 5G 128GB Pink Gold
2,Samsung Smartphone Galaxy A50 - Enterprise Edition SM-A505FZKSE28 128 GB 6.4 Inch (16.2 cm) Dual SIM Android™ 9.0 25
3,SAMSUNG G389F Galaxy XCOVER 3 Dark Silver
4,Nokia 105-2019 Dual SIM Black (TA-1174)
5,"Nokia 6300 4G all_carriers - Mobile Phone, Charcoal"
6,"Nokia 6310 (2021) - Mobile Phone, Black"
7,"Nokia 105 2G Edition 2023 (Dual SIM, 1.77"" Display, 1000 mAh Battery, 32 MB, 3.5 mm Headphone Jack, FM Radio) Carbon"
8,Nokia 2660 Flip 4G Pink (Pop Pink) Dual SIM
9,Samsung E1150 Mobile Phone (Extra Long Battery Life) Titanium/Silver
10,"Nokia 130 4.57 cm (1.8 inches) Black Feature Phone - Mobile Phones (Bar, 4.57 cm (1.8 inches), 120 x 160 pixels, Bluetooth, 1020 mAh, Black)"
11,"Nokia C2-01 46MB Unlocked Cell Phone (Unbranded, 5.1 cm (2 inch Camera), 3.2 Megapixel (Black)"
12,Samsung Keystone 2 GT-E1205Y Black SIM Free
13,"Nokia Mobile Phone Sliding 2220 (MP3, GPRS, Ovi Mail, Airplane Mode) Graphite"
14,Nokia 5.1 Plus Dual SIM 32GB 3GB RAM TA-1075 Blue SIM Free
15,"Samsung C3350 Mobile Phone (5.5 cm (2.2 inch) Screen, 2 MP Camera), Gunmetal Grey"
16,"Nokia Mobile Phone 1616 (FM Radio, Color Screen, Flashlight) No Subscription, No Brand, No SIM Card, Black"
17,Nokia C2-05 Mobile Phone Slide Flap Grey
18,"Nokia 105 4G 2023 Dual Sim Cell Phone, 1.8"" Color Display, Charcoal [Italy]"
19,"Nokia 7.2 Smartphone 64GB, 4GB RAM, Dual Sim, Charcoal Black"
20,Nokia 5310 TA-1212 Dual Sim Black/Red
21,"Xiaomi Poco M6 Mobile Phone, 8GB 256GB Smartphone Purple"
22,"Xiaomi Redmi 10A Smartphone 2GB/32GB 6.53"" Display 5000mAh 10W Fast Charging (Sky Blue)"
23,"Nokia 1661 Mobile Phone Black (FM Radio, Organizer, Games)"
24,Nokia 150 (2020) Dual-Sim Black EU
25,"Smartphone Xiaomi Redmi 10A 6.53"" HD+ 3GB/64GB 4G DUALSIM A12.5 BLUE"
26,"Nokia 216 – Unlocked GSM Mobile Phone (2.4 Inch Screen, 16MB ROM + up to 32GB via SD Card, Single SIM) Black"
27,Xiaomi Redmi 10C Smartphone with NFC Grey 4/128GB
28,SAMSUNG S22 ULTRA SMS908B 8128GB DS 5G PHANTOM BLACK (Op. sim free only welcome message)
29,Samsung Galaxy S22 Ultra 8Gb128Gb SMS908BDS White
30,"Apple iPhone 12 mini, 64GB, Black - (Refurbished)"
31,Samsung Galaxy S20 FE 5G Unlocked Blue
32,Xiaomi Redmi Note 11S 4G 6GB/64GB Blue (Twilight Blue) Dual SIM
33,"Apple iPhone 12 Pro, 128GB, Pacific Blue - (Refurbished)"
34,Xiaomi Redmi Note 11 4GB RAM 64GB ROM - Grey
35,SAMSUNG G990 Galaxy S21 FE 5G 128GB GRAPHITE
36,Samsung Galaxy S22 Dual Sim 8GB RAM 256GB Black EU
37,Samsung Galaxy Note 10 Plus Dual Sim 256GB 12GB RAM Sm-N975F/DS Aura Glow Silver
38,Xiaomi Redmi Note 11 Pro 6+128G star blue
39,Phone SAMSUNG S20 FE 128GB
40,Nokia 5.1 Plus Dual SIM 32GB 3GB RAM TA-1075 Blue SIM Free
41,Samsung Galaxy S21 FE 5G 8GB/256GB Olive Green (Olive) Dual SIM G990
42,XIAOMI Redmi 9A 32GB 4G Granite Grey
43,"OnePlus 8 Pro 17.2 cm (6.78"") 8 GB 128 GB Dual SIM 5G USB Type-C Black Oxygen OS 4510 mAh 8 Pro, 17.2 cm (6.78""), 8 GB, 128 GB, 48 MP, Oxygen OS, Black"
44,Xiaomi 11T Pro Cinemagic 5G Meteorite Gray 256GB Dual SIM
45,"Samsung Galaxy S21 FE 5G 128GB Olive EU [16.29cm (6.4"") OLED Display, Android 12, 12MP Triple-Kamera]"
46,Motorola Moto G22 64GB/4GB RAM Dual-SIM Cosmic-Black
47,Xiaomi Redmi 10C 4GB/64GB Graphite Grey Dual SIM
48,"Poco F4 GT 5G Smartphone 12+256GB, 6.67 Inch AMOLED 120Hz E4 Screen, Snapdragon 8 Gen 1 Processor, 64MP Triple Camera, 4700mAh Battery, 120W HyperCharge, Absolute Black (FR Version + 2 Years Warranty)"
49,Xiaomi Xia Redmi Note 11 Pro+ 256-8-5G-gn Redmi Note 11 Pro+ 5G 256/8 Green
50,"Poco F4 GT 5G Smartphone 8+128GB, 6.67 Inch AMOLED 120Hz E4 Screen, Snapdragon 8 Gen 1 Processor, 64MP Triple Camera, 4700mAh Battery, 120W HyperCharge, Absolute Black (FR Version + 2 Years Warranty)"
51,"POCO F3 Smartphone 6+128GB, 6.67 Inch 120Hz AMOLED DotDisplay, Snapdragon 870, 48MP Triple Camera, 4520mAh, NFC, Night Black (French Version + 2 Years Warranty) [Amazon Exclusive]"
52,Motorola razr 50 ultra 5G 12+512gb midnight blue
53,SAMSUNG S22 ULTRA SMS908B 8128GB DS 5G PHANTOM BLACK (Op. sim free only welcome message)
54,Samsung Galaxy S22 Ultra 8Gb128Gb SMS908BDS White
55,Xiaomi 12 Lite 8+128GB Black 5G
56,"Apple iPhone 12 mini, 64GB, Black - (Refurbished)"
57,Samsung Galaxy S20 FE 5G Unlocked Blue
58,Xiaomi 14 12/512gb 5g schwarz eu
59,Samsung Galaxy S20 FE 5G 6GB/128GB Purple (Lavender) Dual SIM G781B
60,"Galaxy A55 5G 256GB, Handy Awesome Lemon, Android 14.8 GB"
61,"Xiaomi Redmi Note 13 Pro 5G Smartphone 8+256GB, Snapdragon 7s Gen 2, 6.67 inch Super QPD, Ultra-Clear 200 MP Camera, Black (EU Version)"
62,Xiaomi Redmi Note 11 4GB/128GB Blue (Twilight Blue) Dual SIM
63,"Apple iPhone 12 Pro, 128GB, Pacific Blue - (Refurbished)"
64,Nokia XR21 5G (Midnight Black) 128GB + 6GB RAM GSM Unlocked Android Rugged Smart Phone
65,SAMSUNG G990 Galaxy S21 FE 5G 128GB GRAPHITE
66,"Xiaomi Redmi Note 11S 5G Smartphone, MTK Dimensity 810, 33W Pro Fast Charging, 50MP AI Triple Camera, NFC, 4+64, Midnight Black (ES Version)"
67,Samsung Galaxy S22 Dual Sim 8GB RAM 256GB Black EU
68,"Nokia T20 Android 11 WiFi Tablet with 10.36 Inch Screen, 4GB RAM/64GB ROM, 8200mAh Battery, 8MP + 5MP Camera, Stereo Speakers with OZO Playback, Dual Microphone – Ocean Blue"
69,Samsung Galaxy Note 10 Plus Dual Sim 256GB 12GB RAM Sm-N975F/DS Aura Glow Silver
70,Xiaomi Redmi Note 11 Pro 6+128G star blue
71,SAMSUNG Galaxy S9 64GB (Single SIM) - Carbon Black - Android 8.0 - International Version (Refurbished)
72,Phone SAMSUNG S20 FE 128GB
73,Samsung Galaxy S9 64 GB (Single SIM) - Black - Android 8.0 - German Version
74,"Redmi Note 13 256GB (Midnight Black, Android 13, LTE)"
75,Nokia 5.1 Plus Dual SIM 32GB 3GB RAM TA-1075 Blue SIM Free
76,Unlocked Nokia 105 Dual-SIM (2019) Black
77,"Nokia Vodafone 3310 2G 16GB Mobile Phone (2.4 inch Color Display, 2.4 inch Camera, Bluetooth, Radio, MP3 Player, Dual SIM) Dark Blue"
78,"Apple iPhone 12 Mini, 128 GB, Black (Refurbished)"
79,Samsung SM-A346B Galaxy A34 Dual Sim 6+128GB Awesome Graphite DE
80,"Samsung Galaxy A40 Smartphone (5.9 Inches) 64 GB Internal Memory, 4 GB RAM, Dual SIM, Coral, German Version"
81,Samsung Galaxy S23 Plus 256GB Green
82,"Apple iPhone 12 Mini, 64GB, Green Green One"
83,"Nokia Mobile Phone 2660 Black 4G 2.8"" 128 MB RAM"
84,"Nokia 3310 2G Unlocked Mobile Phone (2.4"" Color Screen, 2MP Camera, Bluetooth, Radio, MP3 Player, Dual SIM) Retro Grey"
85,Nokia 105-2019 Dual SIM Black (TA-1174)
86,Nokia 106 Dual SIM
87,"Apple iPhone 12 mini, 64GB, Black - (Refurbished)"
88,Samsung Galaxy S24 8/256 Black
89,"Nokia 2720 Flip 7.11 cm (2.8"") 118 g Black"
90,Nokia 150 Mobile Phone Dual SIM Black
91,Samsung Galaxy A25 Smartphone 128GB 5G Midnight Blue
92,"Nokia 110 4G 2023 Dual Sim Cell Phone, 1.8'' Color Screen, Camera, Purple [Italy]"
93,APPLE iPhone 13 Mini 128GB (Product) Red
94,"Nokia 105 2G Edition 2023 (Dual SIM, 1.77"" Display, 1000 mAh Battery, 32 MB, 3.5 mm Headphone Jack, FM Radio) Carbon"
95,"Nokia 105 S30+ Phone with 4G Connectivity, 128MB + 48MB Storage, Removable 1020mAh Battery, FM Radio (Wired and Wireless Dual Mode) and 3-in-1 Speaker - Black"
96,SAMSUNG Galaxy A25 128GB Lime 5G Smartphone
97,"Nokia Mobile Phone 215 4G (2.8"", 128MB) Black"
98,"Nokia Mobile Phone 3210 (2024) 2.4"" 128 MB RAM Blue"
99,SAMSUNG A40 Dual SIM 64GB
100,Apple iPhone 13 (128GB) - Midnight
101,Samsung SM-A256 Galaxy A25 Dual SIM 5G 6GB RAM 128GB Blue Black EU
102,Redmi Note 13 Black 8GB + 256GB
103,Samsung SM-A057 Galaxy A05s Dual SIM 4GB RAM 128GB Black EU
104,Motorola Moto Razr 50 Ultra 12G-512GB Peach Fuzz Smart Phone
105,Redmi Note 13 Blue 8GB + 256GB
106,"Xiaomi Poco X6 Pro 5G Smartphone + Headphones, 12+512 Mobile Phone Without Contract, 64MP OIS Triple Camera, Bright Black (BE Version + 2 Year Warranty)"
107,Motorola razr 50 ultra 5G 12+512gb midnight blue
108,"Samsung Galaxy A25 5G 16.5 cm (6.5"") USB Type-C 6 GB 128 GB 5000 mAh Blue"
109,"SAMSUNG Galaxy A14 Dual LTE (A145) 64 GB 4 GB RAM Black,Black"
110,"Samsung Galaxy Xcover Pro, Smartphone 64GB, Black"
111,Redmi Note 13 Pro 5G Midnight Black 8GB RAM 256GB ROM
112,Samsung Galaxy S20 128GB 5G Grey
113,Samsung Galaxy A05s Smartphone 64 GB Silver
114,Xiaomi Poco X6 Smartphone 6.67 Inch 5G Dual SIM 256GB Black
115,"Samsung Galaxy S20 FE 5G - SM-G781BZBDEUB Free Android Smartphone, 128 GB, Blue"
116,"Apple iPhone 11, 64GB, Black (Refurbished)"
117,"Samsung Galaxy SM-A057GLGV 17 cm (6.7"") Dual SIM Android 13 4G USB Type-C 4 GB 128 GB 5000 mAh Green"
118,OnePlus Nord CE4 Lite 5G 8GB 256GB Super Silver
119,Samsung S23 8_128GB Black
120,"Samsung Galaxy SM-A057G/DSN 17 cm (6.7"") Dual SIM Android 13 4G USB Type-C 4 GB 128 GB 5000 mAh Silver"
121,Xiaomi 14 12 512GB 5G White EU
122,SAMSUNG A135F/DSN Galaxy A13 Dual SIM (6.6 inches - 4/128GB) Black
123,Apple iPhone 8 (256GB) - Gold
124,Apple iphone 15 (128gb) - blue
125,Samsung Galaxy A16 5G 256GB/8GB Dual SIM
126,"Samsung Galaxy S20 FE Cloud Navy, Dark Blue, 128GB, Dual SIM"
127,Samsung SM-A556B Galaxy A55 5G Dual SIM 8GB 128GB Awesome Navy EU
128,"Apple iPhone 13 mini 128GB 5.4"" Pink ITA MLK23QL/A"
129,"Samsung Galaxy Xcover 7 Black 6.6"" 128GB 5G Enterprise Edition"
130,Samsung Galaxy A54 5G 8GB/128GB Black (Awesome Black) Dual SIM A546B
131,OnePlus 13 5G 16GB Ram 512GB Storage SIM-Free Smartphone with 50MP Triple Camera + OIS – Black Elipse
132,Xiaomi 14T Pro 512GB 12RAM 5G EU black
133,Xiaomi Redmi 14C 4G 4GB/128GB Black (Midnight Black) Dual SIM
134,Samsung galaxy a15 4g blue 128gb
135,Redmi Note 13 Pro+ 5G Purple 8GB + 256GB
136,"Samsung Galaxy A55 256GB Dark Blue 6.6"" 5G (8GB) EU Model Android"
137,"Samsung Galaxy A15, Android 14 Smartphone, 6.5 inch FHD+ Super AMOLED Display, 4GB RAM, 128GB, Internal Memory Expandable up to 1TB, 5000mAh Battery, Blue [Italian Version]"
138,"SAMSUNG GALAXY S24 Ultra, 5G Android Smartphone, 512GB, 25W Fast Mains Charger Included [Amazon Exclusive], Unlocked Smartphone, Grey, FR Version"
139,"SAMSUNG Galaxy S21 Ultra 5G 128GB, Black"
140,SAMSUNG S22 ULTRA SMS908B 8128GB DS 5G PHANTOM BLACK (Op. sim free only welcome message)
141,Samsung Galaxy S22 Ultra 8Gb128Gb SMS908BDS White
142,Xiaomi 12 Lite 8+128GB Black 5G
143,Xiaomi Redmi Note 13 Pro+ 5G 12GB/512GB Black (Midnight Black) Dual SIM
144,SAMSUNG galaxy a14 4g black 128gb
145,"Samsung Galaxy A34 5G Android Smartphone, 6.6 inch FHD+ Super AMOLED Display, 6GB RAM and 128GB Internal Expandable Memory, 5000mAh Battery, Graphite (Italian Version)"
146,Xiaomi 14T Pro - Leica Summilux Optical Lens - 12GB RAM - 512GB Storage - MediaTek Dimensity 9300+ - 144Hz AI Display - 120W HyperCharge - Titan Gray
147,XIAOMI REDMI 12 5G 4 - 128GB - BLACK
148,Apple iphone 15 (128gb) - black
149,Apple iPhone 16 Pro Max (256GB) - Black Titanium
150,Apple iPhone 14 (128 Go) - Minuit
151,Apple iphone 16 (128gb) - black
152,Samsung Galaxy S24 Ultra 5G 256GB/12GB Dual SIM Titanio
153,Samsung Tel 1286791 Smartphone 5g 6.5 Inches 8+128 GB A55 Light Blue SM-A556BLBAEUE
154,Samsung Galaxy S24 Ultra 12/512 Black
155,Apple iPhone 16 Pro (1TB) - Titanium Sand
156,"Xiaomi Poco M6 8GB+256GB Smartphone, 6.79"" 90Hz FHD+ AMOLED Display, MediaTek Helio G91-Ultra, 108 MP Camera, 5030 mAh, Black"
157,SAMSUNG Galaxy A55 5G Smartphone 256GB Sky Blue
158,Samsung Galaxy S24 5G 8GB/128GB Black (Onyx Black) Dual SIM SM-S921B
159,OnePlus 12 5G 16GB RAM 512GB Storage SIM-Free Smartphone with 4th Gen Hasselblad Camera for Mobile – 2 Year Warranty – Flowy Emerald
160,Samsung Galaxy S24 FE Smartphone 128GB Graphite
161,Xiaomi Redmi 13 8GB/256GB Black (Midnight Black) Dual SIM
162,Xiaomi Redmi Note 13 Pro 5G 512GB Midnight Black
163,"Xiaomi Redmi Note 13 Pro 16.9 cm (6.67"") Dual SIM Android 13 4G USB Type-C 8 GB 256 GB 5000 mAh Black"
164,Samsung SM-A556B Galaxy A55 5G Dual SIM 8GB 128GB Awesome Lemon EU
165,Samsung Galaxy S24 Ultra 12/256 Silver
166,Xiaomi Poco X6 Pro 5G 12GB/512GB Yellow (Yellow) Dual SIM
167,Xiaomi 14T 5G 12GB/256GB Titanium Black (Titan Black) Dual SIM
168,Samsung Galaxy Z Flip6 Smartphone 256 GB Grey
169,Xiaomi Poco F6 Pro 5G 12GB/512GB Black Dual SIM
170,"Xiaomi REDMI A3 4, Mobile Phone 128GB, Dual Camera with AI, Support 10W Fast Charge, Blue"
171,Xiaomi Poco M6 Pro 4G Dual Sim 512GB/12GB Azul
172,Apple iPhone 16 Pro Max (256GB) - Black Titanium
173,Apple iPhone 16 Pro (256GB) - Black Titanium
174,Redmi Note 13 Black 8GB + 256GB
175,Apple iphone 16 (128gb) - black
176,Samsung Galaxy A16 5G 256GB/8GB Dual SIM
177,Samsung Galaxy S24 Ultra 5G 256GB/12GB Dual SIM Titanio
178,Samsung Galaxy S24 Ultra 12/512 Black
179,SAMSUNG Galaxy A55 5G Smartphone 256GB Sky Blue
180,"Xiaomi Poco X6 Pro 5G Smartphone + Headphones, 12+512 Mobile Phone Without Contract, 64MP OIS Triple Camera, Bright Black (BE Version + 2 Year Warranty)"
181,"Samsung Galaxy Xcover 7 Black 6.6"" 128GB 5G Enterprise Edition"
182,Xiaomi Redmi A3 Star Bleu 3GB RAM 64GB ROM (Version Française + 2 Ans de Garantie)
183,OnePlus 12 5G 16GB RAM 512GB Storage SIM-Free Smartphone with 4th Gen Hasselblad Camera for Mobile – 2 Year Warranty – Flowy Emerald
184,Xiaomi Redmi 14C 4G 4GB/128GB Black (Midnight Black) Dual SIM
185,Xiaomi Redmi 13 8GB/256GB Black (Midnight Black) Dual SIM
186,"Samsung Galaxy A55 256GB Dark Blue 6.6"" 5G (8GB) EU Model Android"
187,"Xiaomi Redmi Note 13 Pro 16.9 cm (6.67"") Dual SIM Android 13 4G USB Type-C 8 GB 256 GB 5000 mAh Black"
188,"SAMSUNG GALAXY S24 Ultra, 5G Android Smartphone, 512GB, 25W Fast Mains Charger Included [Amazon Exclusive], Unlocked Smartphone, Grey, FR Version"
189,Redmi Note 13 Pro 5G Midnight Black 8GB RAM 256GB ROM
190,Xiaomi Poco X6 Pro 5G 12GB/512GB Yellow (Yellow) Dual SIM
191,Xiaomi Poco X6 Smartphone 6.67 Inch 5G Dual SIM 256GB Black
192,Samsung Galaxy Z Flip6 Smartphone 256 GB Grey
193,Xiaomi Poco F6 Pro 5G 12GB/512GB Black Dual SIM
194,OnePlus Nord CE4 Lite 5G 8GB 256GB Super Silver
195,"Poco C75 6GB 128GB Black Android Smartphone, 2.0GHz, 6.88 Inch Display, 50MP AI Dual Camera, 5160mAH Battery"
196,Apple iphone 15 (128gb) - black
197,Samsung SM-A256 Galaxy A25 Dual SIM 5G 6GB RAM 128GB Blue Black EU
198,Samsung SM-A057 Galaxy A05s Dual SIM 4GB RAM 128GB Black EU
199,Apple iPhone 15 Plus (128GB) - Blue
200,Redmi Note 13 Blue 8GB + 256GB
201,Samsung Galaxy A54 5G 8GB/128GB Black (Awesome Black) Dual SIM A546B
202,"Samsung Galaxy A25 5G 16.5 cm (6.5"") USB Type-C 6 GB 128 GB 5000 mAh Blue"
203,"SAMSUNG Galaxy A14 Dual LTE (A145) 64 GB 4 GB RAM Black,Black"
204,Samsung SM-A346B Galaxy A34 Dual Sim 6+128GB Awesome Graphite DE
205,Samsung A55 SM-A556B 6+128GB DS 5G AWESOME LILAC OEM
206,Redmi Note 13 Pro+ 5G Purple 8GB + 256GB
207,"Samsung Galaxy A15, Android 14 Smartphone, 6.5 inch FHD+ Super AMOLED Display, 4GB RAM, 128GB, Internal Memory Expandable up to 1TB, 5000mAh Battery, Blue [Italian Version]"
208,"Samsung Galaxy SM-A057GLGV 17 cm (6.7"") Dual SIM Android 13 4G USB Type-C 4 GB 128 GB 5000 mAh Green"
209,Samsung S23 8_128GB Black
210,"Samsung Galaxy SM-A057G/DSN 17 cm (6.7"") Dual SIM Android 13 4G USB Type-C 4 GB 128 GB 5000 mAh Silver"
211,"Xiaomi Redmi Note 13 Pro Smartphone, 5G, 8+256GB, 6.67 inch Display, 1.5K 120Hz AMOLED Display, Snapdragon 7s, 200MP Ultra Clear Camera with OIS, 5100mAh, 67W Turbo Charging, Blue"
212,Motorola MOBILITY MOTO G14 Smartphone (6.5 inch FHD+ Screen 50MP Camera 4/128GB 5000mAh Android 13) Butter Cream (Vegan Leather) with Protective Case
213,Xiaomi Poco M6 Pro 4G Dual Sim 512GB/12GB Azul
214,Samsung A256B Galaxy A25 5G 256GB/8GB RAM Dual SIM Black
215,Apple iPhone 14 Plus (512 Go) - Jaune
216,"Xiaomi Redmi Note 12S 4G LTE Smartphone, 8GB + 256GB Octa Core,6.43 inch FHD+ AMOLED DotDisplay,108MP Triple Rear Camera,5000mAh Battery with 33W Fast Charging, Dual Sim (Onxy Black)"
217,"Samsung Galaxy A34 5G Android Smartphone, 6.6 inch FHD+ Super AMOLED Display, 6GB RAM and 128GB Internal Expandable Memory, 5000mAh Battery, Graphite (Italian Version)"
218,SAMSUNG - Smartphone Galaxy A54 5G (256GB) Black
219,SAMSUNG Galaxy S23 Ultra 512GB Green
220,Apple iPhone 14 (128 Go) - Minuit
221,Motorola Moto Razr 50 Ultra 12G-512GB Peach Fuzz Smart Phone
222,"Apple iPhone 13 mini 128GB 5.4"" Pink ITA MLK23QL/A"
223,Xiaomi 14T Pro 512GB 12RAM 5G EU black
224,Samsung galaxy a15 4g blue 128gb
225,Samsung Galaxy A05s Smartphone 64 GB Silver
226,"Xiaomi Redmi Note 13 Pro+ 5G Smartphone 12+512GB, 6.67"" Super QPD, HyperCharge 120W, 2.8GHz, Black (EU Version)"
227,Samsung Galaxy A35 128GB 6RAM 5G EU Black
228,"Nokia Mobile Phone 2660 Black 4G 2.8"" 128 MB RAM"
229,SAMSUNG S22 ULTRA SMS908B 8128GB DS 5G PHANTOM BLACK (Op. sim free only welcome message)
230,SAMSUNG A135F/DSN Galaxy A13 Dual SIM (6.6 inches - 4/128GB) Black
231,Samsung Galaxy S22 Ultra 8Gb128Gb SMS908BDS White
232,"Xiaomi REDMI A3 4, Mobile Phone 128GB, Dual Camera with AI, Support 10W Fast Charge, Blue"
233,Xiaomi 12 Lite 8+128GB Black 5G
234,SAMSUNG galaxy a14 4g black 128gb
235,SAMSUNG S21FE 128GB 5G Lavender
236,Samsung Galaxy A05s Smartphone 64GB Black
237,"Samsung Galaxy S22 5G 128GB Bora Purple EU [15.39cm (6.1"") OLED Display, Android 12, 50MP Triple-Kamera]"
238,Samsung Galaxy S21 FE 5G 6GB/128GB Grey (Graphite) Dual SIM G990
239,SAMSUNG - GALAXYS22ULTRA256EU
240,Apple iPhone 13 (128GB) - Green
241,Samsung Galaxy
242,Xiaomi Redmi Note 13 4G 6GB/128GB Black (Midnight Black) Dual SIM
243,Xiaomi Redmi Note 13 5G 6GB/128GB Turquoise Green (Ocean Teal) Dual SIM
244,Apple iPhone 13 (128GB) - Midnight
245,Samsung Tel 1286791 Smartphone 5g 6.5 Inches 8+128 GB A55 Light Blue SM-A556BLBAEUE
246,Samsung Galaxy S24 5G 8GB/128GB Black (Onyx Black) Dual SIM SM-S921B
247,"SAMSUNG Galaxy S21 Ultra 5G 128GB, Black"
248,SAMSUNG - Galaxy A52S 5G 6GB/128GB Black (Black Awesome) Dual SIM SM-A528B
249,"Samsung Galaxy S21 FE Mobile Phone 5G 128GB Graphite, SIM Card Not Included, Android Smartphone, FR Version"
250,Xiaomi Redmi Note 10S Smartphone RAM 6GB ROM 64GB 6.43 Inch AMOLED DotDisplay 64MP Pebble White
251,Samsung Galaxy S20 FE 6 128GB DS Cloud Navy Blue EU
252,SAMSUNG Galaxy A03s 4G 32GB Black
253,Samsung Galaxy SM-G780GZWDEUB 6.5 Inch Dual SIM Hybrid 4G USB Type-C 6GB 128GB 4500mAh Mint
254,Xiaomi Redmi Note 10 Pro 6GB/128GB Grey (Onyx Gray) Dual SIM M2101K6G
255,"Samsung Galaxy S21 Ultra 5G Dual SIM Smartphone 256GB 6.8"" Dual SIM Android™ 11 Black"
256,Samsung Galaxy A52s 5G 6GB/128GB Black (Awesome Black) Dual SIM SM-A528B Enterprise Edition
257,"Apple iPhone 12 6.1"" 64 GB White Europe"
258,SAMSUNG G991 Galaxy S21 5G 128GB Phantom Gray
259,SAMSUNG - Galaxy A32 5G 4GB/128GB Black (Black Awesome) Dual SIM
260,"Nokia 6310 (2021) - Mobile Phone, Black"
261,Samsung Galaxy XCover 5 4GB/64GB Black Dual SIM G525
262,Samsung galaxy s24 8/256 silver
263,"Nokia 105 S30+ Phone with 4G Connectivity, 128MB + 48MB Storage, Removable 1020mAh Battery, FM Radio (Wired and Wireless Dual Mode) and 3-in-1 Speaker - Black"
264,"Samsung Galaxy A52s 5G SM-A528B 16.5 cm (6.5"") Dual SIM USB Type-C 8 GB 256 GB 4500 mAh Black"
265,"Nokia XR20, 6.67 Full HD+ Screen, Dual Camera 48MP with ZEISS Optics, Fast Charging 15W Wireless and 18W, RAM 4GB/64GB ROM, Can Be Used with Wet Hands and Gloves – Black"
266,Samsung Galaxy Z Flip3 5G 8GB 128GB Phantom Black
267,Samsung Galaxy Note20 Ultra 5G 12GB/256GB Bronze (Mystic Bronze) Dual SIM N986B
268,"Samsung Galaxy S20 FE Cloud Navy, Dark Blue, 128GB, Dual SIM"
269,"Samsung Galaxy Xcover Pro, Smartphone 64GB, Black"
270,Samsung Galaxy S20 128GB 5G Grey
271,"Samsung Galaxy S20 FE 5G - SM-G781BZBDEUB Free Android Smartphone, 128 GB, Blue"
272,APPLE IPHONE SE 2020 64GB
273,Samsung Galaxy A71 Smartphone 128 GB Pink
274,Samsung Galaxy S20 FE 5G Unlocked Blue
275,Nokia 150 Mobile Phone Dual SIM Black
276,"Samsung Galaxy A41 Smartphone, 6.1 Inch Super AMOLED Display, 3 Rear Cameras, 64GB Expandable, 4GB RAM, 3500mAh Battery, 4G, Dual Sim, Android 10, Black"
277,Samsung Galaxy S20 FE 5G 6GB/128GB Purple (Lavender) Dual SIM G781B
278,Samsung Galaxy A03 Core Dual SIM 32GB 2GB RAM Black
279,"Samsung Galaxy S22+, 5G Mobile Phone 128GB Black, SIM Card Not Included, Android Smartphone, FR Version"
280,Samsung Galaxy A21s 4GB/64GB Black Dual SIM A217
281,"Samsung Galaxy A51 Dual SIM Smartphone 6.5 Inch Super AMOLED (4GB RAM, 128GB ROM, 48.0MP + 12.0MP + 5.0MP + 5MP, 32MP Front Camera) Black"
282,Samsung Galaxy S20 FE 5G 6GB/128GB Red (Cloud Red) Dual SIM G781B
283,"OnePlus Smartphone 8 (5G) No Contract, 12GB+256GB Memory, 90Hz 6.55"" AMOLED Display, 4300mAh Battery, Triple Camera, Dual SIM, Green (Refurbished)"
284,"Samsung Galaxy A12 SM-A125F 16.5 cm (6.5"") Dual SIM 4G USB Type-C 4 GB 64 GB 5000 mAh Blue"
285,SAM_GALAXY_S20_ULTRA_G988B/DS_CMB_128GB_C+
286,"Samsung Smartphone Galaxy S20, 5G, 12GB + 128GB, Grey"
287,SAMSUNG Galaxy S20 FE 4G Dual SIM 128GB White Unlocked (Refurbished)
288,Samsung Galaxy S20 FE 6GB/128GB Blue (Cloud Navy) Dual SIM G780
289,"iPhone SE 2nd Generation, 64GB, White (Refurbished)"
290,Nokia 150 Cyan
291,Samsung Galaxy S20 FE 5G 6GB/128GB Green (Cloud Mint) Dual SIM G781B
292,Unlocked Nokia 105 Dual-SIM (2019) Black
293,"Samsung Galaxy A40 Smartphone (5.9 Inches) 64 GB Internal Memory, 4 GB RAM, Dual SIM, Coral, German Version"
294,"Apple iPhone 11, 64GB, Black (Refurbished)"
295,Nokia 105-2019 Dual SIM Black (TA-1174)
296,Samsung Galaxy Note 10 Lite 8GB/128GB Black (Aura Black) Dual SIM N770
297,"Apple iPhone 13 Pro Max, 256GB, Gold - (Refurbished)"
298,"Nokia 2720 Flip 7.11 cm (2.8"") 118 g Black"
299,"Apple iPhone XR, 64GB, Black (Refurbished)"
300,"Samsung Galaxy A50 Smartphone (16.2 cm (6.4 inches), 128 GB Internal Memory, 4 GB RAM, Black - German Version"
301,"Samsung Galaxy S10+ Smartphone (16.2 cm (6.4 Inches) 128 GB Internal Memory, 8 GB RAM, Prism Green (Standard) German Version"
302,SAMSUNG A40 Dual SIM 64GB
303,"Samsung Galaxy A70 Smartphone (17.0 cm (6.7"") 128 GB Internal Memory, 6 GB RAM, Dual SIM, Black"
304,Samsung Galaxy Note 10+ Dual SIM 512GB 12GB RAM SM-N9750/DS Aura Black
305,Nokia 105 [2019 Version] – Unlocked Mobile Phone (1.77 Inch Screen – 4MB Storage – Dual Mini SIM) Black
306,Samsung Flip Case for Galaxy A20e Black
307,"Samsung Galaxy A51, 4GB RAM, 128GB Memory, Prismatic Black"
308,Samsung Galaxy S10 (Hybrid SIM) 128GB Smartphone - Black (Refurbished)
309,Samsung Galaxy S10e 6GB/128GB Blue Dual SIM G970
310,Nokia 105 (2019) Blue (Blue) Dual SIM
311,Samsung Galaxy S10+ – Unlocked 4G Smartphone (Screen: 6.4 Inches – Dual SIM – 128GB – Android) – Black
312,Samsung N970F Galaxy Note10 16cm 6.3 inch 256GB Shiny Silver
313,"Samsung Galaxy S10 – Unlocked 4G Mobile Smartphone (Screen: 6.1 inches, Dual SIM – 128GB – Android)"
314,SAMSUNG Galaxy A20e Schwarz
315,"Samsung Galaxy A40 Smartphone (15 cm (5.9 inches), 64 GB Internal Memory, 4 GB RAM, Dual SIM, Blue - German Version"
316,apple iphone 12 128gb
317,Apple iPhone 13 128GB Black Unlocked
318,Samsung Galaxy S24 Ultra 12/256 Silver
319,"iPhone SE 2nd Generation, 128GB, Red (Refurbished)"
320,Nokia 106 Dual SIM
321,"Xiaomi Poco F6, Snapdragon® 8s Gen 3, Display Flow AMOLED 120Hz, Ricarica Turbo 90W, doppia fotocamera 50MP Con OIS, 12GB+512GB, Gold"
322,Apple iphone 13 128gb - red
323,Samsung Galaxy S23 5G SMS911BDS 8Gb256Gb Lavender
324,Xiaomi Redmi Note 13 Pro 4G 256 GB Forest Green
325,Samsung G950F Galaxy S8 64GB No Subscription Coral Blue
326,Xiaomi Redmi Note 13 5G 6GB/128GB Black (Graphite Black) Dual SIM
327,Apple Iphone Xr 128GB Black (Refurbished)
328,Apple Iphone Xr 128GB White (Refurbished)
329,Galaxy S22 Ultra (Dual SIM) 128GB Black
330,Xiaomi Poco F6 5G 12GB/512GB Black Dual SIM
331,"iPhone SE 2nd Generation, 128GB, White (Refurbished)"
332,"Motorola Moto e32 Moto e32s 6.5"" (6.5') Dual SIM Android 12 4G USB Type-C 3GB 32GB 5000mAh Grey"
333,Xiaomi Redmi Note 13 Pro 4G 12GB/512GB Green (Forest Green) Dual SIM
334,"Samsung Galaxy S9 Smartphone (5.8 Inch Touch Screen, 64GB Internal Memory, Android, Dual SIM) Lilac Purple - French Version"
335,"Nokia 105 - Unlocked GSM Cell Phone (1.8"" Screen, 4MB ROM, Dual SIM) Black"
336,"Samsung Galaxy S9 Smartphone, Black (Black), 5.8"" Display, 64GB Expandable, Dual SIM [International Version]"
337,"Samsung Galaxy S9+ Smartphone (6.2 inches (15.7 cm) 64 GB internal memory, dual SIM)"
338,"Samsung Galaxy SM-A057G 17 cm (6.7"") Dual SIM Android 13 4G USB Type-C 4 GB 128 GB 5000 mAh Black"
339,Samsung Galaxy S9 64 GB (Single SIM) - Black - Android 8.0 - German Version
340,"Nokia Vodafone 3310 2G 16GB Mobile Phone (2.4 inch Color Display, 2.4 inch Camera, Bluetooth, Radio, MP3 Player, Dual SIM) Dark Blue"
341,"Nokia 3310 2G Unlocked Mobile Phone (2.4"" Color Screen, 2MP Camera, Bluetooth, Radio, MP3 Player, Dual SIM) Retro Grey"
342,Apple iPhone 8 (256GB) - Gold
343,Apple iPhone X (256GB) - Silver
344,Nokia 3310 (2017) Single-SIM Dark Blue
345,"Nokia 130 4.57 cm (1.8 inches) Black Feature Phone - Mobile Phones (Bar, 4.57 cm (1.8 inches), 120 x 160 pixels, Bluetooth, 1020 mAh, Black)"
346,"Nokia Simfree 105 Black 2017, A00028303_Old"
347,Samsung galaxy s8 smartphone 64gb
348,Nokia 216 2G SIM Free Phone Only Black
349,Apple iPhone 8 256GB Space Grey (Renewed)
350,Apple iPhone 8 64GB Space Gray (Refurbished)
351,"NOKIA 105 1.8"" 2017 Dual SIM"
352,Xiaomi Redmi Note 12 Smartphone 8GB/256GB Dual Grey
353,"Samsung Galaxy S8, Unlocked Smartphone (5.8 Inches, 4 GB RAM, 64 GB, 12 Mpx) [German Version: Not Included SAMSUNG Pay or Access to SAMSUNG Members Promotions], Black"
354,"Nokia 8 Smartphone (5.3 inches), 64 GB ROM, 4 GB RAM, 13 MP Camera, Single SIM, Projection Protection (IP54), Android Nougat) Stainless Steel"
355,Samsung SM-G955FZVAPHE 5.8 Inch Super AMOLED Octa Core Smartphone 67GB 4GB RAM 4G LTE IP68 Pink
356,Samsung Galaxy Z Flip 3 5G 8GB/256GB Black (Phantom Black) Dual SIM F711B
357,Xiaomi SmartPhone Xiaomi Redmi Note 12 8GB/256GB Dual Green
358,Xiaomi Xiaomi Redmi Note 12s Smartphone Mobile Phone - 6GB - 128GB - 6.43 Inches - Pearl Green
359,Galaxy Z Fold4 256 GB Black
360,"Xiaomi Redmi 9C 6.53"" HD+ 128GB 4GB Grey MZB0AK2EU"
361,Nokia 105 Cell Phone Black Brand
362,"Xiaomi Redmi Note 9 6.53"" Octa Core 3GB RAM 64GB Smartphone"
363,"Xiaomi Redmi 9C Smartphone 32GB, 2GB RAM, Dual Sim, Blue"
364,Samsung Galaxy A25 Smartphone 256GB 5G Blue
365,"Samsung Galaxy S7 Edge Unlocked Smartphone 5.5 Inches (Android 6.0, Dual Edge Super AMOLED Display, 12MP Rear Camera and Front 5.5 MP, 32 GB) [Spanish Version: Includes Pay] Gold"
366,"Samsung Galaxy S7 Edge Smartphone (5.5 inches, 32 GB internal memory)"
367,Samsung Galaxy S7 Unlocked Smartphone 4G (Screen: 5.1 Inches 32 GB 4 GB RAM Simple NanoSIM Android) Black
368,SAMSUNG - Smartphone Galaxy A34 5G (256GB) Black
369,Samsung Galaxy S7 Smartphone (5.1 Inch Touch Screen) 32 GB Internal Memory Android OS Pink
370,"Samsung Galaxy A23 5G SM-A236B 6.6"" (6.6) Hybrid Dual SIM Android 12 USB Type-C 4GB 64GB 5000mAh Black"
371,"Nokia 216 – Unlocked GSM Mobile Phone (2.4 Inch Screen, 16MB ROM + up to 32GB via SD Card, Single SIM) Black"
372,Apple iPhone 8 Plus 64GB Space Gray (Refurbished)
373,"Samsung Galaxy A13 SM-A137 6.6"" (6.6) Dual SIM 4G USB Type-C 3GB 32GB 5000mAh Blue (SMA137FLBUEUB)"
374,"Samsung Galaxy A32 Black EE 6.5"" 5G 128GB 4GB Android 10"
375,"Apple iPhone XR 15.5 cm (6.1"") 64 GB Dual SIM 4G Black iOS 14 iPhone XR, 15.5 cm (6.1""), 1792 x 828 Pixels, 64 GB, 12 MP, iOS 14, Black"
376,"Samsung Galaxy Note9 SM-N960F 16.3 cm (6.4"") 6 GB 128 GB Dual SIM 4G Purple 4000 mAh Galaxy Note9 SM-N960F, 16.3 cm (6.4""), 6 GB, 128 GB, 12 MP, Android 8.1, Purple"
377,Samsung Galaxy S7 32GB Sim Free Unlocked Smartphone - Black
378,Galaxy S7 Edge Smartphone Pink
379,Nokia 215 Unlocked Mobile Phone (Screen: 2.4 Inches – 1 GB – Dual SIM – Android) Black
380,"Samsung Galaxy Xcover 3 (SM-G389F) VE Smartphone with 4.5 Inch Touch Screen, 8 GB Memory, Android 5.1, Dark Grey"
381,Samsung Galaxy S7 Unlocked Smartphone 4G (Screen: 5.1 Inches – 32 GB – Nano-SIM – Android Marshmallow 6.0) Pink
382,"Moto G4 Plus Smartphone (14 cm (5.5""), 16 GB, Android) White"
383,"Samsung Galaxy S7 Smartphone, Silver, 32 GB Expandable [Italian Version]"
384,"Samsung Galaxy S7 32GB 5.1"" 12MP SIM-Free Smartphone Black (Certified Refurbished)"
385,"Samsung G935 Galaxy S7 Smartphone, LTE, 5.1"" SAMOLED Display, 32GB Internal Memory, 4GB RAM, Black, Tim [Italy]"
386,Samsung GH97 - 18523 1Pezzo Black Screen Replacement for Mobile Phone
387,"Samsung Galaxy S7 Edge SM-G935F 5.5 inch 4GB 32GB Single SIM 4G Gold 3600mAh Smartphone (5.5 inches), 4GB, 32GB, 12MP, Android 6.0, Gold"
388,Xiaomi Poco F6 Pro 5G 12GB/256GB Black Dual SIM
389,Samsung Galaxy S6 Edge Unlocked Smartphone 4G (5.1 Inches – 64 GB – Android 5.0 Lollipop) Gold
390,Samsung Galaxy S6 32GB Nero Tim 769214-187
391,Samsung S6 Edge Tim G925F
392,"Samsung Galaxy Xcover 3 4.5 Inch Mobile Phone with Touch Screen 8GB Memory, Android 4.4, Dark Silver"
393,Samsung Xcover 550 Unlocked Smartphone Sonstiges (German Import)
394,"Samsung G920 Galaxy S6 Smartphone, 32 GB, Gold [Italy]"
395,Nokia A00023207 215 Black (German Import)
396,"Samsung Galaxy Note Edge Smartphone with 5.6 Inch Touch Screen, 32 GB Memory, Android 4.4, Charcoal Black"
397,Nokia 105 DualSIM unlocked black
398,Xiaomi Redmi 13 8GB/256GB Black (Midnight Black) Dual SIM
399,Samsung Sam Galaxy A04s EU-DS-32-3-4G-bk Galaxy A04s LTE 32/3GB Black
400,Samsung S23 +8_256GB Black
401,"Samsung Galaxy A70 Smartphone (17.0 cm (6.7"") 128 GB Internal Memory, 6 GB RAM, Dual SIM, Black"
402,SAMSUNG Galaxy Z Flip5 256GB Cream
403,Xiaomi Redmi Note 13 4G 8GB/128GB Blue (Ice Blue) Dual SIM
404,"Samsung Galaxy SM-A057G 17 cm (6.7"") Dual SIM Android 13 4G USB Type-C 4 GB 128 GB 5000 mAh Black"
405,Samsung Galaxy A25 Smartphone 256GB 5G Lime
406,Xiaomi Redmi Note 12s 4G 8GB/256GB Black Dual SIM 2303CRA44A
407,Samsung Galaxy Z Flip6 5G 12GB 512GB Blue (Blue) Dual SIM SM-F741B
408,Xiaomi Redmi Note 11S 4G NFC 128GB/6GB Dual SIM Grey
409,"POCO F6 5G Mobile, Green (8GB RAM + 256GB) | Snapdragon 8s Gen 3 | 6.67"" 120Hz AMOLED Display | Triple Camera with OIS 50+8MP, 20MP Front Camera"
410,OnePlus Pad 2 12/256GB 5511100080
411,Samsung Galaxy S22 5G Enterprise Edition Android Smartphone 6.1 Inch 128GB Battery 3700mAh Professional Mobile Phone No Contract Black Phantom
412,"Xiaomi Redmi Note 10S Smartphone + Headset (6.43 Inch Display) FHD+ 64GB Internal Memory, 64MP RAM, 64MP Rear Camera, 13MP Front Camera, Dual SIM, Android 11) - Onyx Grey"
413,"Samsung Galaxy S10+ Dual SIM, 512 Go de mémoire interne, 8 Go de RAM, Ceramic Noir, [Standard] Version française"
414,Xiaomi Redmi 13 6+128GB NFC MIDNIGHT Black OEM
415,"Xiaomi Redmi Note 10 Pro 256GB Onyx Gray 16.94 cm (6.67 inches), Android 11, Quad-Kamera 108 MP"
416,Samsung galaxy s23 ultra 512gb lavender pink
417,"Xiaomi Poco M6 Smartphone 6 + 128 GB Pantalla AMOLED 6.79 Inches 90 Hz FHD+, MediaTek Helio G91-Ultra, Cámara 108 MP, 5030 mAh, Black"
418,Motorola Moto E13 2GB/64GB Black (Cosmic Black) Dual SIM
419,Nokia T21 TA-1495 LTE 4/128 Grey
420,"Samsung Galaxy Z Flip4 Smartphone 5G, Sim Free, Android, Foldable, 256GB, AMOLED Dynamic Display 2 x 6.7""/Super AMOLED 1.9"" 1.2, Light Blue 2022 [Italian Version]"
421,Samsung Galaxy S21+ 5G - Phantom Black - 128GB - Unlocked Android Smartphone - FR Version - AKG Earphones Included
422,Samsung SM-A256 Galaxy A25 Dual SIM 5G 6GB RAM 128GB Blue Black EU
423,Redmi Note 13 Black 8GB + 256GB
424,Samsung SM-A057 Galaxy A05s Dual SIM 4GB RAM 128GB Black EU
425,Samsung Tel 1286791 Smartphone 5g 6.5 Inches 8+128 GB A55 Light Blue SM-A556BLBAEUE
426,Samsung Galaxy S24 Ultra 12/512 Black
427,SAMSUNG Galaxy A55 5G Smartphone 256GB Sky Blue
428,Xiaomi Redmi A3 Star Bleu 3GB RAM 64GB ROM (Version Française + 2 Ans de Garantie)
429,"Nokia Vodafone 3310 2G 16GB Mobile Phone (2.4 inch Color Display, 2.4 inch Camera, Bluetooth, Radio, MP3 Player, Dual SIM) Dark Blue"
430,"SAMSUNG Galaxy A14 Dual LTE (A145) 64 GB 4 GB RAM Black,Black"
431,"Samsung Galaxy Xcover Pro, Smartphone 64GB, Black"
432,Samsung A55 SM-A556B 6+128GB DS 5G AWESOME LILAC OEM
433,"Xiaomi Poco X6 Pro 5G Smartphone + Headphones, 8+256 Mobile Phone Without Contract, 64MP OIS Triple Camera, Yellow (BE Version + 2 Year Guarantee)"
434,"Samsung Galaxy A55 256GB Dark Blue 6.6"" 5G (8GB) EU Model Android"
435,Xiaomi Redmi Note 13 Pro 5G 512GB Midnight Black
436,"Samsung Galaxy A15, Android 14 Smartphone, 6.5 inch FHD+ Super AMOLED Display, 4GB RAM, 128GB, Internal Memory Expandable up to 1TB, 5000mAh Battery, Blue [Italian Version]"
437,"SAMSUNG GALAXY S24 Ultra, 5G Android Smartphone, 512GB, 25W Fast Mains Charger Included [Amazon Exclusive], Unlocked Smartphone, Grey, FR Version"
438,Samsung Galaxy S24 Ultra 12/256 Silver
439,Xiaomi Poco X6 Smartphone 6.67 Inch 5G Dual SIM 256GB Black
440,Samsung Galaxy A35 128GB 6RAM 5G EU Black
441,Samsung Galaxy Z Flip6 Smartphone 256 GB Grey
442,"Samsung Galaxy SM-A057GLGV 17 cm (6.7"") Dual SIM Android 13 4G USB Type-C 4 GB 128 GB 5000 mAh Green"
443,Xiaomi Poco F6 Pro 5G 12GB/512GB Black Dual SIM
444,Samsung S23 8_128GB Black
445,"Samsung Galaxy SM-A057G/DSN 17 cm (6.7"") Dual SIM Android 13 4G USB Type-C 4 GB 128 GB 5000 mAh Silver"
446,"Nokia 2660 4G Dual Sim Mobile Phone, 2.8 Inch Display, Large Buttons, SOS Button, Camera, Bluetooth, Wireless FM Radio and MP3 Player, Large Battery, Green, Italy"
447,"Nokia 110 4G 2023 Dual Sim Cell Phone, 1.8'' Color Screen, Camera, Purple [Italy]"
448,Nokia 105 [2019 Version] – Unlocked Mobile Phone (1.77 Inch Screen – 4MB Storage – Dual Mini SIM) Black
449,"Nokia 6300 7.8GB Unlocked Mobile Phone Silver Black (Edge, Bluetooth, Camera with 2MP, Music Player, FM Stereo Radio, Organizer)"
450,Nokia 8210 4G Grey (Sand) Dual SIM
451,"Nokia 2660 Flip, 2.8"" Display, Big Buttons, Big Sound, UI Zoom, Emergency Button, Rotation Function for Call Management, Rear Camera - Black"
452,Samsung E1050 Mobile Phone Black
453,"Samsung C3350 Mobile Phone (5.5 cm (2.2 inch) Screen, 2 MP Camera), Gunmetal Grey"
454,"Nokia Mobile Phone 1200 Black (Organizer, 3 Sets)"
455,NOKIA Mobile Phone 6300 Black and Agrent
456,"Samsung Galaxy SM-A057GZSU 17 cm (6.7"") Dual SIM Android 13 4G USB Type-C 4 GB 64 GB 5000 mAh Silver"
457,"Nokia 100 Mobile phone Display 4.6 cm (1.8"") Radio Black"
458,"NOKIA 105 1.8"" 2017 Dual SIM"
459,"Nokia 105 4G Edition 2023 (Dual SIM, 1.8"" Display, 1450 mAh Battery, 48MB RAM/128MB ROM, Expandable Memory, 3.5mm Headphone Jack, FM Radio) Charcoal"
460,Nokia 7230 Mobile Phone
461,"Xiaomi Redmi Note 12 Pro 16.9 cm (6.67"") Hybrid Dual SIM Android 11 4G USB Type-C 8 GB 256 GB 5000 mAh Black"
462,"SAMSUNG Galaxy Z Fold4 SM-F936B 7.6"" (7.6) Triple SIM Android 12 5G USB Type-C 12GB 256GB 4400mAh Black"
463,Nokia 105 Cell Phone Black Brand
464,Nokia 150 Dual SIM Green
465,Nokia 3310 Phone with UK-SIM Function Matte Blue
466,Nokia 6131/6133 QuadBand GSM 850/900/1800/1900 GPRS - Black
467,Nokia UPNO7230P 7230 Mobile Phone Pink
468,"Samsung Galaxy A25 5G 16.5 cm (6.5"") USB Type-C 6 GB 128 GB 5000 mAh Blue"
469,"Xiaomi Poco F6 5G Mobile Phone, 12GB, 512GB, Black"
470,Xiaomi 14T Pro - Leica Summilux Optical Lens - 12GB RAM - 512GB Storage - MediaTek Dimensity 9300+ - 144Hz AI Display - 120W HyperCharge - Titan Black
471,"Samsung E1272 - Mobile Phone, Black"
472,"NOKIA 105 1.8"" 2017 Dual SIM"
473,"Nokia 2660 Flip 4G, Dual, 128MB 48MB Ram, Lush Green"
474,Samsung Galaxy Z Flip6 Smartphone 256 GB Yellow
475,"Redmi Note 13 256GB (Graphite Black, Android 13, 5G)"
476,"Nokia C2-01 Mobile Phone (Unbranded, 5.1 cm (2""), 3.2 Megapixel Camera, Warm Silver"
477,"Nokia 105 2G Edition 2023 (Dual SIM, 1.77"" Display, 1000 mAh Battery, 32 MB, 3.5 mm Headphone Jack, FM Radio) Carbon"
478,"Samsung S908B/DS Galaxy S22 Ultra 5G, Dual, 256GB 12GB RAM, Burgundy"
479,"Xiaomi Redmi 13C Unlocked Smartphone 8GB RAM 256GB ROM 6.74"" 90Hz Display 50MP Triple Camera 5000mAh Battery 18W Fast Charging Octa-Core Processor Dual SIM MIUI 14 NFC Midnight Black"
480,Samsung S22 5G 8_128GB Black
481,SAMSUNG Galaxy S22 Plus S906 256GB 6.6 inches Green Android 5G
482,"Samsung - Galaxy S908 Ultra 5G 128GB Mobile Phone, Black"
483,Samsung Galaxy S22 5G 128GB Pink Gold
484,Samsung G S22 black 256 SM-S901BZKGEUB [Spanish Version]
485,Samsung G S22+ green 128 SM-S906BZGDEUB
486,SAMSUNG Galaxy S22 Plus S906 128GB 6.6 in White Android 5G
487,"Samsung Galaxy S22 5G Mobile Phone 128GB SIM Free Android Smartphone Bora Purple, Pink Gold"
488,S22 5G 8_256GB Lavender Web
489,Mobile Phone Galaxy S22 Ultra/512GB Black SM-S908B SAMSUNG
490,Samsung G S22U White 128 SM-S908BZWDEUB [Spanish Version]
491,S906 Galaxy S22+ 5G 128GB Pink Gold
492,"Samsung Galaxy S22 SM-S901B 15.5 cm (6.1"") Dual SIM Android 12 5G USB Type-C 8 GB 256 GB 3700 mAh White"
493,"Samsung Galaxy S22+ 5G, 256GB, Black, SM-S906BZKGEUB [Spanish Version]"
494,Samsung G S22U green 128 SM-S908BZGDEUB [Spanish version]
495,SAMSUNG Galaxy S22 Plus S906 256GB 6.6 inches White Android 5G
496,Samsung Galaxy S22 Ultra 5G 512GB/12GB Dual SIM White
497,Samsung G S22U Black 256 SM-S908BZKGEUB [Spanish Version]
498,Samsung G S22U burg. 128 SM-S908BDRDEUB [Spanish Version]
499,Samsung Galaxy S22 Ultra S908 512GB 6.8IN Black Android 5G
500,Samsung G S22+ Black 128 SM-S906BZKDEUB [Spanish Version]
501,Apple iPhone 13 (128GB) - Midnight
502,Apple iPhone 16 Pro Max (256GB) - Black Titanium
503,Apple iPhone 16 Pro (256GB) - Black Titanium
504,POCO X7 Pro 12+256 black
505,Samsung SM-A256 Galaxy A25 Dual SIM 5G 6GB RAM 128GB Blue Black EU
506,Apple iphone 16 (128gb) - black
507,Unlocked Nokia 105 Dual-SIM (2019) Black
508,Samsung Tel 1286791 Smartphone 5g 6.5 Inches 8+128 GB A55 Light Blue SM-A556BLBAEUE
509,Samsung Galaxy S24 Ultra 12/512 Black
510,"Xiaomi Poco X6 Pro 5G Smartphone + Headphones, 12+512 Mobile Phone Without Contract, 64MP OIS Triple Camera, Bright Black (BE Version + 2 Year Warranty)"
511,Xiaomi Redmi A3 Star Bleu 3GB RAM 64GB ROM (Version Française + 2 Ans de Garantie)
512,OnePlus 13 5G 16GB Ram 512GB Storage SIM-Free Smartphone with 50MP Triple Camera + OIS – Black Elipse
513,Samsung Galaxy S24 5G 8GB/128GB Black (Onyx Black) Dual SIM SM-S921B
514,OnePlus 12 5G 16GB RAM 512GB Storage SIM-Free Smartphone with 4th Gen Hasselblad Camera for Mobile – 2 Year Warranty – Flowy Emerald
515,Xiaomi 14T Pro 512GB 12RAM 5G EU black
516,"SAMSUNG Galaxy A14 Dual LTE (A145) 64 GB 4 GB RAM Black,Black"
517,Xiaomi Redmi 14C 4G 4GB/128GB Black (Midnight Black) Dual SIM
518,Samsung galaxy a15 4g blue 128gb
519,Samsung A55 SM-A556B 6+128GB DS 5G AWESOME LILAC OEM
520,"Samsung Galaxy A55 256GB Dark Blue 6.6"" 5G (8GB) EU Model Android"
521,"Samsung Galaxy A15, Android 14 Smartphone, 6.5 inch FHD+ Super AMOLED Display, 4GB RAM, 128GB, Internal Memory Expandable up to 1TB, 5000mAh Battery, Blue [Italian Version]"
522,Redmi Note 13 Pro 5G Midnight Black 8GB RAM 256GB ROM
523,"Xiaomi Redmi Note 13 Pro+ 5G Smartphone 12+512GB, 6.67"" Super QPD, HyperCharge 120W, 2.8GHz, Black (EU Version)"
524,Samsung Galaxy A35 128GB 6RAM 5G EU Black
525,"Nokia 6310 (2021) - Mobile Phone, Black"
526,Samsung S23 +8_256GB Black
527,"Nokia 2660 Flip Phone with 2.8"" Display, 4G Connectivity, Hearing Aid (HAC) Compatibility, Built-in Camera, MP3 Player, Wireless FM Radio and Classic Games (Dual"
528,Samsung Galaxy Z Flip5 SM-F731BZAHEUB
529,"Xiaomi 13T Pro Smartphone 12GB/512GB/6.67""/ 5G/ Alpine Blue"
530,"Nokia 2660 Flip Feature Phone with 2.8"" Display, 4G Connectivity, Hearing Aid Compatibility (НАС), Built-in Camera, MP3 Player, Wireless FM Radio and Classic Games (Dual SIM) - Pink"
531,Xiaomi Redmi Note 12 Pro+ 5G 8GB RAM 256GB Black Night
532,"Motorola razr 50 ultra (6.9 inch pOLED display, Corning Gorilla Glass, IPX8, 50MP AI camera, Google Gemini, 165Hz, TurboPower 45W, Dolby Atmos, 12/512GB, Snapdragon 8s, 4000mAh, SIM +"
533,Samsung F721B Galaxy Z Flip4 All Carriers 5G 512GB/8GB RAM Dual SIM Graphite
534,Samsung Galaxy XCover 5 Black Enterprise Edition DACH 4+64GB
535,Motorola Razr 40 Ultra 8/256 GB Infinite Black EU
536,"Motorola Edge30 Fusion 5G 8/128 GB, Android, Grey"
537,"Samsung Galaxy Z Flip4 5G Enterprise Edition, Android Smartphone, Super AMOLED Display, 3700mAh Battery, 128GB/8GB RAM, Graphite"
538,Xiaomi Poco M3 Pro 5G Unlocked Smartphone 5G (Screen: 6.5 Inches - 128 GB/6 GB RAM - Dual SIM - Android 11) Power Black
539,Xiaomi Small M3 Pro Dual SIM 64GB ROM + 4GB RAM Factory Unlocked 5G Smartphone (Power Black) – International Version
540,"Motorola Moto G22 Smartphone with 6.5 inch HD+ 50MP Camera, 4GB/64GB, 5000mAh, Android 12, Iceberg Blue"
541,NOKIA 6310 Dual SIM Green
542,Motorola Moto Razr 50 Ultra 12G-512GB Peach Fuzz Smart Phone
543,Motorola razr 50 ultra 5G 12+512gb midnight blue
544,SAMSUNG Galaxy Z Flip 3 5G Cream Smartphone
545,Xiaomi Mix Flip 5G 12GB/512GB Purple (Purple) Dual SIM
546,"Samsung Galaxy Z Flip5 SM-F731B 17 cm (6.7"") Dual SIM Android 13 5G USB Type-C 8 GB 256 GB 3700 mAh Mint colour"
547,Motorola Moto G54 256GB Light Blue 5G Android Smartphone 6.5 Inches 8GB RAM 12MP
548,Moto Razr 40 Ultra 8+256 Peach Fuzz
549,Xiaomi Redmi 13 8GB/128GB Black (Midnight Black) Dual SIM
550,"Motorola Razr 40 (6.9"" OLED 144Hz Flexible Screen + 1.5"" OLED Outdoor Display, 64+12MP Cameras, 32MP Selfie, 33W Charger, 4200mAh Battery, Android 13, 8/256GB, Dual SIM), Summer Lilia"
551,SAMSUNG Galaxy Z Flip5 256GB Cream
552,"Nokia 2660 Flip, 2.8"" Display, Big Buttons, Big Sound, UI Zoom, Emergency Button, Rotation Function for Call Management, Rear Camera - Black"
553,"Samsung Galaxy Z Fold5 OLED Display 256 GB Cream 19.3 cm (7.6"") Android 13, Triple-Kamera, Faltbar"
554,Samsung Galaxy Z Fold6 Smartphone 512 GB Blue
555,Motorola Moto Razr 40 Ultra 8+256GB Black
556,"Motorola RAZR 40 Sage 8/256gb, alltel, Black"
557,Samsung Galaxy Z Flip6 5G 12GB 512GB Blue (Blue) Dual SIM SM-F741B
558,Galaxy Z Flip4 128GB Black
559,SAMSUNG Galaxy Z Fold5 256GB Blue
560,Samsung Galaxy Z Flip6 Smartphone 256 GB Green
561,Samsung Galaxy Z Flip5 Smartphone 256GB
562,Galaxy Z Fold3 5G 256GB EU Version
563,"Motorola RAZR 50 Ultra 5G XT2451-3 Smartphone débloqué 512 Go + 12 Go de RAM Dual-SIM (Nano, eSIM) Android 14 – Mousse Moka"
564,Xiaomi Redmi 14c Nfc 6Gb/128GB 6.9´´ One Size
565,"Xiaomi Redmi 13 Smartphone 6+128GB No Contract 6.79"" FHD+ Display, 5030mAh, 108MP Camera, 33W Fast Charge, Blue"
566,"Xiaomi Poco M6 8GB+256GB Smartphone, 6.79"" 90Hz FHD+ AMOLED Display, MediaTek Helio G91-Ultra, 108 MP Camera, 5030 mAh, Black"
567,"Apple iPhone 13 Mini, 128GB, Blue, (Refurbished)"
568,"Xiaomi Redmi Note 13 Pro 16.9 cm (6.67"") Dual SIM Android 13 4G USB Type-C 8 GB 256 GB 5000 mAh Black"
569,Xiaomi Poco F6 Pro 5G 12GB/512GB Black Dual SIM
570,Xiaomi 14 12 512GB 5G White EU
571,SAMSUNG A135F/DSN Galaxy A13 Dual SIM (6.6 inches - 4/128GB) Black
572,Samsung Galaxy Note 10 Lite 8GB/128GB Black (Aura Black) Dual SIM N770
573,"Samsung Galaxy S22 5G 128GB Bora Purple EU [15.39cm (6.1"") OLED Display, Android 12, 50MP Triple-Kamera]"
574,"Xiaomi Poco F6, Snapdragon® 8s Gen 3, Display Flow AMOLED 120Hz, Ricarica Turbo 90W, doppia fotocamera 50MP Con OIS, 12GB+512GB, Gold"
575,"Nokia 105 2G Phone with Durable Battery, 12 Hours Talk Time, Wireless FM Radio, Large Screen and Touch Keyboard, Dual SIM - Charcoal"
576,"Xiaomi Pad 6 128GB Black, Large 11"" Display, Dolby Vision Stereo Sound and Dolby Atmos, Snapdragon 870 Processor, Up to 16 Hours of Continuous Video, 33W Fast Charge with Charger Included"
577,Samsung SM-A356B Galaxy A35 5G Dual SIM 8GB RAM 256GB Awesome Lemon EU
578,Xiaomi Poco X6 Pro 5G 8GB/256GB Black Dual SIM
579,Xiaomi Redmi Note 13 5G 6GB/128GB Black (Graphite Black) Dual SIM
580,SMARTPHONE MOTOROLA MOTO G04 4G 4GB 64GB SATIN BLUE
581,Samsung galaxy a14 4g 64gb black
582,"Samsung Galaxy Z Flip4 5G Smartphone, Sim Free Android Folding Phone 128GB, AMOLED Dynamic Display 2 x 6.7""/Super AMOLED 1.9"" 1.2 Graphite 2022 [Italian Version]"
583,"SAMSUNG GALAXY A15 5G 128GB Android Smartphone Unlocked 6.5"" Screen 5000mAh Battery Blue FR Version"
584,XIAOMI Redmi 13C 6.74-4G 4GB/128GB Blue
585,Xiaomi Redmi 13C 8GB RAM 256GB ROM [Global Version] (Navy Blue)
586,SAMSUNG S21 Ultra 128GB Black Unlocked (Refurbished)
587,"Samsung Smartphone Galaxy S20, 5G, 12GB + 128GB, Grey"
588,Motorola Moto G84 5G 8GB/256GB Grey (Midnight Blue) Dual SIM XT2347-2
589,Xiaomi Redmi Note 13 Pro 4G 8GB/256GB (Midnight Black) Dual SIM
590,Xiaomi Redmi 13 8GB/256GB Black (Midnight Black) Dual SIM
591,Xiaomi Redmi 13 6GB/128GB Blue (Ocean Blue) Dual SIM
592,Xiaomi Redmi Note 10 Pro 6GB/128GB Grey (Onyx Gray) Dual SIM M2101K6G
593,SAMSUNG Galaxy A35 SM-A356B Smartphone 6.6 Inch 8 GB RAM 256 GB Navy Blue
594,"Nokia 2720 Flip 7.11 cm (2.8"") 118 g Black"
595,SAMSUNG - GALAXYS22ULTRA256EU
596,Samsung Galaxy
597,Xiaomi Redmi 13 6gb/128gb 6.8´´´ One Size
598,"Galaxy A55 5G 256GB, Handy Awesome Lemon, Android 14.8 GB"
599,"Samsung - Galaxy A53 5G 6GB/128GB, A536B Dual SIM Smartphone, Awesome White"
600,SAMSUNG - Galaxy A32 5G 4GB/128GB Black (Black Awesome) Dual SIM
601,"Samsung A135 Galaxy A13 Android Smartphone, 6.6 inch Infinity-V Display, Android 12, 4 GB RAM, 128 GB internal memory, expandable internal memory, 5000 mAh³ battery, white [Italian version]"
602,Samsung SAMSUNG Galaxy A35 6.6 Inch Octa Core Smartphone 8GB RAM 256GB Blue
603,Xiaomi Redmi 14C 4G 8GB/256GB Black (Midnight Black) Dual SIM
604,"Samsung Galaxy S21 FE 5G Android Smartphone 128GB SIM Free Display 6.4 Inch Dynamic AMOLED 2X, 3 Rear Cameras, Graphite [Italian Version]"
605,"SAMSUNG A135 Galaxy A13 Android Smartphone, Display Infinity-V 6.6 inches, Android 12, 4GB RAM and 64GB Internal Memory expandable fino², 5000 mAh ³ Battery, Light Blue Light [Italian Version]"
606,"Apple iPhone 12 Pro, 256GB, Pacific Blue - (Refurbished)"
607,"Samsung Android 12 Galaxy A04s Smartphone, Infinity-V HD+ 6.5 Inch Display, 3GB RAM and 32GB Internal Expandable Memory, 5000mAh Battery, White [Italian Version]"
608,Samsung - Mobile Phone Galaxy A33 5G 6GB/128GB Black (Awesome Black) Dual SIM A336
609,"Apple iPhone 12 Pro, 128GB, Pacific Blue - (Refurbished)"
610,Xiaomi Redmi 13 8gb/256gb 6.7´´´ One Size
611,SAMSUNG Galaxy-A15 256GB
612,Samsung Galaxy A02s 3GB/32GB Black (Black) Dual SIM A025
613,SAMSUNG - Galaxy A53 5G 6GB/128GB Blue (Blue Awesome) Dual SIM A536B
614,Apple iphone 15 (128gb) - black
615,Apple iPhone 13 (128GB) - Midnight
616,Apple iPhone 16 Pro Max (256GB) - Black Titanium
617,Apple iPhone 14 (128 Go) - Minuit
618,Apple iPhone 16 Pro (256GB) - Black Titanium
619,Redmi Note 13 Black 8GB + 256GB
620,Apple iphone 16 (128gb) - black
621,Apple iPhone 15 Plus (128GB) - Blue
622,Redmi Note 13 Blue 8GB + 256GB
623,"Nokia Vodafone 3310 2G 16GB Mobile Phone (2.4 inch Color Display, 2.4 inch Camera, Bluetooth, Radio, MP3 Player, Dual SIM) Dark Blue"
624,"Samsung Galaxy Xcover Pro, Smartphone 64GB, Black"
625,Xiaomi Redmi 13 8GB/256GB Black (Midnight Black) Dual SIM
626,Redmi Note 13 Pro+ 5G Purple 8GB + 256GB
627,"Nokia Mobile Phone 2660 Black 4G 2.8"" 128 MB RAM"
628,Nokia 105-2019 Dual SIM Black (TA-1174)
629,"Samsung Galaxy S21 FE Mobile Phone 5G 128GB Graphite, SIM Card Not Included, Android Smartphone, FR Version"
630,"Apple iPhone 11, 64GB, White (Refurbished)"
631,Xiaomi Poco M6 Pro 4G Dual Sim 512GB/12GB Azul
632,Apple iPhone 14 Plus (512 Go) - Jaune
633,Xiaomi Redmi 13 6GB/128GB Blue (Ocean Blue) Dual SIM
634,"Nokia 6300 4G all_carriers - Mobile Phone, Charcoal"
635,Xiaomi Redmi Note 10 Pro 6GB/128GB Grey (Onyx Gray) Dual SIM M2101K6G
636,Apple iPhone 16 Plus (128GB) - Pink
637,Apple Iphone Xr 64GB Black (Refurbished)
638,"Samsung Galaxy A40 Smartphone (5.9 Inches) 64 GB Internal Memory, 4 GB RAM, Dual SIM, Coral, German Version"
639,Samsung S23 8_128GB Black
640,SAMSUNG - Galaxy A52S 5G 6GB/128GB Black (Black Awesome) Dual SIM SM-A528B
641,Xiaomi 12 Lite 8+128GB Black 5G
642,"Apple iPhone 13 Pro Max, 256GB, Gold - (Refurbished)"
643,"Samsung Galaxy S22 5G 128GB Bora Purple EU [15.39cm (6.1"") OLED Display, Android 12, 50MP Triple-Kamera]"
644,"Apple iPhone XR, 64GB, Black (Refurbished)"
645,SAMSUNG G991 Galaxy S21 5G 128GB Phantom Gray
646,Samsung galaxy a14 4g 64gb silver
647,Apple APL IPHONE 11 128GB NC EUR BLK MHDH3RM/A Black
648,"Samsung Galaxy A50 Smartphone (16.2 cm (6.4 inches), 128 GB Internal Memory, 4 GB RAM, Black - German Version"
649,APPLE iPhone 13 Mini 128GB (Product) Red
650,"Nokia Lumia 1320 LTE 4G XL Grand Windows Phone Phablet 15.24 cm (6.0"") Black"
651,Samsung Galaxy XCover 5 4GB/64GB Black Dual SIM G525
652,Xiaomi Redmi Note 11 4GB/128GB Blue (Twilight Blue) Dual SIM
653,Samsung Galaxy Z Flip3 5G 8GB 128GB Phantom Black
654,Samsung galaxy a14 4g 64gb black
655,Xiaomi Redmi Note 10 Pro 6GB/128GB Blue (Glacier Blue) Dual SIM
656,"Samsung Galaxy Z Flip4 5G Smartphone, Sim Free Android Folding Phone 128GB, AMOLED Dynamic Display 2 x 6.7""/Super AMOLED 1.9"" 1.2 Graphite 2022 [Italian Version]"
657,SAMSUNG A40 Dual SIM 64GB
658,SAMSUNG Galaxy Z Flip 3 5G Cream Smartphone
659,S23 8_128GB CREAM
660,"Samsung SM-S901B Galaxy S22 8+128GB 6.1"" 5G Pink Gold DS ITA"
661,Samsung Galaxy A02s 3GB/32GB Black (Black) Dual SIM A025
662,"Samsung Galaxy S20 FE Cloud Navy, Dark Blue, 128GB, Dual SIM"
663,Motorola Moto Razr 50 Ultra 12G-512GB Peach Fuzz Smart Phone
664,Motorola razr 50 ultra 5G 12+512gb midnight blue
665,"Samsung Galaxy Xcover Pro, Smartphone 64GB, Black"
666,SAMSUNG - Galaxy A52S 5G 6GB/128GB Black (Black Awesome) Dual SIM SM-A528B
667,Samsung Galaxy S20 FE 6 128GB DS Cloud Navy Blue EU
668,SAMSUNG S21FE 128GB 5G Lavender
669,Samsung Galaxy Note 10 Lite 8GB/128GB Black (Aura Black) Dual SIM N770
670,Samsung Galaxy S20 FE 5G Unlocked Blue
671,Samsung Galaxy A52s 5G 6GB/128GB Black (Awesome Black) Dual SIM SM-A528B Enterprise Edition
672,SAMSUNG G991 Galaxy S21 5G 128GB Phantom Gray
673,Samsung Galaxy S20 FE 5G 6GB/128GB Purple (Lavender) Dual SIM G781B
674,"Samsung Galaxy S22+, 5G Mobile Phone 128GB Black, SIM Card Not Included, Android Smartphone, FR Version"
675,"Samsung Galaxy A51 Dual SIM Smartphone 6.5 Inch Super AMOLED (4GB RAM, 128GB ROM, 48.0MP + 12.0MP + 5.0MP + 5MP, 32MP Front Camera) Black"
676,"Samsung Galaxy A52s 5G SM-A528B 16.5 cm (6.5"") Dual SIM USB Type-C 8 GB 256 GB 4500 mAh Black"
677,"Nokia XR20, 6.67 Full HD+ Screen, Dual Camera 48MP with ZEISS Optics, Fast Charging 15W Wireless and 18W, RAM 4GB/64GB ROM, Can Be Used with Wet Hands and Gloves – Black"
678,"SAMSUNG GALAXY S24, Android 5G Smartphone, 128GB, 25W Fast Mains Charger Included [Amazon Exclusive], Unlocked Smartphone, Black, FR Version"
679,Samsung Galaxy S20 FE 5G 6GB/128GB Red (Cloud Red) Dual SIM G781B
680,"Samsung Galaxy S21 FE 5G Android Smartphone 128GB SIM Free Display 6.4 Inch Dynamic AMOLED 2X, 3 Rear Cameras, Graphite [Italian Version]"
681,"Samsung Galaxy S10+ Smartphone (16.2 cm (6.4 Inches) 128 GB Internal Memory, 8 GB RAM, Prism Green (Standard) German Version"
682,"Xiaomi Redmi Note 11 Pro 5G Smartphone 6.67"" FHD+ AMOLED DotDisplay, 120Hz FHD+ AMOLED DotDisplay, 67W Turbo Charge 6G+128GB Atlantic Blue [Global Version]"
683,"Samsung Smartphone Galaxy S20, 5G, 12GB + 128GB, Grey"
684,"Samsung SM-S901B Galaxy S22 8+128GB 6.1"" 5G Pink Gold DS ITA"
685,samsung G736 XCOVER 6 PRO 128GB EE BLACK
686,"Xiaomi Poco X6 Pro 5G Smartphone + Headphones, 12+512 Mobile Phone Without Contract, 64MP OIS Triple Camera, Bright Black (BE Version + 2 Year Warranty)"
687,Xiaomi Redmi A3 Star Bleu 3GB RAM 64GB ROM (Version Française + 2 Ans de Garantie)
688,OnePlus 12 5G 16GB RAM 512GB Storage SIM-Free Smartphone with 4th Gen Hasselblad Camera for Mobile – 2 Year Warranty – Flowy Emerald
689,Xiaomi Redmi 14C 4G 4GB/128GB Black (Midnight Black) Dual SIM
690,Xiaomi Redmi 13 8GB/256GB Black (Midnight Black) Dual SIM
691,Xiaomi Redmi Note 13 Pro 5G 512GB Midnight Black
692,"Samsung Galaxy A15, Android 14 Smartphone, 6.5 inch FHD+ Super AMOLED Display, 4GB RAM, 128GB, Internal Memory Expandable up to 1TB, 5000mAh Battery, Blue [Italian Version]"
693,"SAMSUNG GALAXY S24 Ultra, 5G Android Smartphone, 512GB, 25W Fast Mains Charger Included [Amazon Exclusive], Unlocked Smartphone, Grey, FR Version"
694,Redmi Note 13 Pro 5G Midnight Black 8GB RAM 256GB ROM
695,"SAMSUNG Galaxy S21 Ultra 5G 128GB, Black"
696,Xiaomi Poco F6 Pro 5G 12GB/512GB Black Dual SIM
697,OnePlus Nord CE4 Lite 5G 8GB 256GB Super Silver
698,SAMSUNG S22 ULTRA SMS908B 8128GB DS 5G PHANTOM BLACK (Op. sim free only welcome message)
699,"Poco C75 6GB 128GB Black Android Smartphone, 2.0GHz, 6.88 Inch Display, 50MP AI Dual Camera, 5160mAH Battery"
700,SAMSUNG A135F/DSN Galaxy A13 Dual SIM (6.6 inches - 4/128GB) Black
701,"Xiaomi MediaTek Helio G36 Smartphone Redmi A3 Midnight Black-36 5000 mAh (Typ), AI Dual Camera System, 6.71 Inch Smooth Screen 90Hz"
702,Samsung Galaxy S22 Ultra 8Gb128Gb SMS908BDS White
703,"Xiaomi Redmi Note 13 Pro 5G 512GB (Midnight Black, Android 13, 5G, 12 GB LPDDR4X)"
704,"Motorola Moto G85 5G (12/256GB, 6.67"" pOLED FHD+ HiD 120Hz, Snapdragon 6s Gen 3, 50+8MP Dual Camera, 5000mAh Battery, Dual SIM, Android 14), Grey Gadget"
705,Motorola MOBILITY MOTO G14 Smartphone (6.5 inch FHD+ Screen 50MP Camera 4/128GB 5000mAh Android 13) Butter Cream (Vegan Leather) with Protective Case
706,"Redmi Note 13 256GB (Mint Green, Android 13, LTE)"
707,Xiaomi Redmi Note 10S Smartphone RAM 6GB ROM 64GB 6.43 Inch AMOLED DotDisplay 64MP Pebble White
708,Xiaomi Redmi Note 13 Pro+ 5G 12GB/512GB Black (Midnight Black) Dual SIM
709,"Xiaomi Redmi Note 12S 4G LTE Smartphone, 8GB + 256GB Octa Core,6.43 inch FHD+ AMOLED DotDisplay,108MP Triple Rear Camera,5000mAh Battery with 33W Fast Charging, Dual Sim (Onxy Black)"
710,POCO X7 Pro 12+256 black
711,OnePlus 13 5G 16GB Ram 512GB Storage SIM-Free Smartphone with 50MP Triple Camera + OIS – Black Elipse
712,"Nokia T20 Android 11 WiFi Tablet with 10.36 Inch Screen, 4GB RAM/64GB ROM, 8200mAh Battery, 8MP + 5MP Camera, Stereo Speakers with OZO Playback, Dual Microphone – Ocean Blue"
713,Motorola Moto G54 Power 5G 12GB/256GB Midnight Blue Dual SIM XT2343-6
714,OnePlus Pad 2 12/256GB 5511100080
715,OPP DS RENO 7 8+256 GLO BLU
716,"Xiaomi Petit M5s Smartphone 4GB/128GB 6.43"" Display 5000mAh 33W Fast Charging (White)"
717,"Xiaomi Poco M5s 4GB/128GB, Blue EU"
718,Xiaomi Poco C40 Unlocked 3+32GB DS 4G Power Black OEM
719,Samsung Galaxy Z Fold 3 5G 12GB / 512GB Black (Phantom Black) Dual SIM SM-F926B
720,Xiaomi Redmi Pad SE 11 inch MIUI 14 4+128G Tablets Lavender Purple
721,Apple iPhone 13 (128GB) - Star Light
722,OnePlus 12 5G 16GB RAM 512GB Storage SIM-Free Smartphone with 4th Gen Hasselblad Camera for Mobile – 2 Year Warranty – Flowy Emerald
723,Samsung A55 SM-A556B 6+128GB DS 5G AWESOME LILAC OEM
724,"Xiaomi Poco X6 Pro 5G Smartphone + Headphones, 12+512 Mobile Phone Without Contract, 64MP OIS Triple Camera, Yellow (BE Version + 2 Year Guarantee)"
725,SAMSUNG Galaxy A35 5G Enterprise Ed 6 6p 128GB Blue
726,"Samsung Galaxy S22 Ultra, 5G Mobile Phone 256GB Black, SIM Card Not Included, Android Smartphone, FR Version"
727,Samsung Galaxy Note20 Ultra 5G 12GB/256GB Bronze (Mystic Bronze) Dual SIM N986B
728,SAMSUNG Galaxy Z Flip 3 5G Cream Smartphone
729,Samsung Galaxy S20 FE Cloud Navy
730,Smartphone Xiaomi Redmi Note 11 64GB Blue
731,"Samsung Galaxy S20 (5G) Gray, 128GB SM-G981B (Refurbished)"
732,Samsung Galaxy S24 Smartphone 256GB Indigo
733,2021 Samsung Galaxy A52 Dual SIM 128GB 6G0 RAM - Genial Black Refurbished
734,Samsung G S22 black 256 SM-S901BZKGEUB [Spanish Version]
735,Samsung Galaxy S23 FE Smartphone 128 GB Green
736,"Samsung Galaxy S22, 5G Mobile Phone 128GB Black, SIM Card Not Included, Android Smartphone, FR Version"
737,Motorola Moto Razr 40 Ultra 8+256GB Magenta Black
738,"Nokia C31 4G Smartphone 128GB, 4GB RAM, 13MP Triple Camera, 6.74"" HD+ Display, Android 12, 5050mAh Battery, Dual Sim, Charcoal, Version with Extra Micro-USB Cable"
739,"Xiaomi Redmi 10 Smartphone, 4GB+128GB, 6.5"" FHD+ DotDisplay, MediaTek Helio G88 Octa-Core, Quad Camera 50MP AI and 8MP Front Camera (4GB+128GB, White)"
740,MOTO EDGE 50 NEO 12/512 GB PANTONE LATTE
741,"Motorola edge50 Neo Smartphone (6.36 inch Super HD Screen, 50MP Camera + Moto-KI, 12/512GB, 4310mAh, Android 14) Lattè (Vegan Synthetic Leather) with Protective Case + Stand for"
742,Motorola Smartphones Moto G54 8+256 Vegan Leather Indigo Blue
743,MOTO EDGE 50 NEO 12/512 GB PANTONE POINCIANA
744,"Motorola Smartphone Moto G24 Power DS 6.56"" MediaTek Helio G85 8 GB RAM 256 GB Blue"
745,Xiaomi Redmi 12C 6GB/128GB Grey (Graphite Grey) Dual SIM 22126RN91Y
746,"Xiaomi POCO M6 Pro, Téléphone Mobile 8/256Go Violet, Carte SIM non Incluse, Smartphone Android, Version FR"
747,Xiaomi Redmi 13C 8GB RAM 256GB ROM [Global Version] (Navy Blue)
748,"Nokia 150 Feature Phone mit FM, Kamera mit Blitz, leistungsstarkem Akku, 20 Stunden Gesprächszeit und 30 Tagen Bereitschaftsmodus - Black"
749,Apple iPhone SE (128 GB) - (PRODUCT) RED
750,Xiaomi Redmi 13C 4GB RAM 128GB ROM [Global Version] (Midnight Black)
751,SAMSUNG A336 GALAXY A33 5G 128GB BLACK
752,"Xiaomi Redmi Note 13 16.9 cm (6.67"") Dual SIM Android 13 4G USB Type-C 6 GB 128 GB 5000 mAh Green,Mint colour"
753,Xiaomi - Smartphone Nude Unlocked-12T-256-Blue
754,Samsung E1050 Mobile Phone Black
755,"XIAOMI 12 Lite 16.6 cm (6.55"") SIM DOBLE ANDROID 12 5G USB Type-C 8 GB 256 GB 4300 MAH"
756,Nokia 216 2G SIM Free Phone Only Black
757,Xiaomi Redmi 13C 6GB RAM 128GB ROM [Global Version] (Midnight Black)
758,"Nokia Mobile Phone 1200 Black (Organizer, 3 Sets)"
759,"Samsung Galaxy S20 (5G) Grey, 128GB SM-G981B"
760,Xiaomi POCO M6 Pro 8GB/256GB Purple (Purple) Dual SIM
761,OnePlus Nord CE 3 Lite 5G – 8 GB RAM + 128 GB Unlocked Smartphone Storage with 108MP Triple Camera – 2 Year Manufacturer's Warranty – Chromatic Grey
762,Xiaomi POCO M6 Pro 12GB/512GB Blue (Blue) Dual SIM
763,"Xiaomi Redmi 10 Smartphone, 4GB RAM + 64GB ROM, 6.5"" FHD + DotDisplay, MediaTek Helio G88 Octa-Core, Quad 50MP AI Camera and 8MP Front Camera (4GB+64GB, Grey)"
764,Xiaomi Redmi Note 9 3GB RAM 64GB Forest Green
765,"Xiaomi Redmi Note 13 4G Unlocked Smartphone 6+128GB 6.67"" 120Hz AMOLED 108MP Triple Camera Snapdragon 685 5000mAh Processor 33W Fast Charge Dark Grey"
766,Motorola Moto E20 Grey
767,"Nokia 301 Mobile Phone, MicroSD, 3.2 MP Camera, 39 Days Standby Mode, Black"
768,"Nokia XR20, 6.67"" Full HD+ Display, 48MP Dual Camera with ZEISS Optics, 15W Wireless and 18W Fast Charge, 6GB RAM/ROM 128GB - Granite"
769,Nokia 106 (2018) 4G Black (Black) Dual SIM
770,"Nokia 105 2G Edition 2023 (Dual SIM, 1.77"" Display, 1000 mAh Battery, 32 MB, 3.5 mm Headphone Jack, FM Radio) Carbon"
771,Nokia 105 [2019 Version] – Unlocked Mobile Phone (1.77 Inch Screen – 4MB Storage – Dual Mini SIM) Black
772,"Nokia 130 4.57 cm (1.8 inches) Black Feature Phone - Mobile Phones (Bar, 4.57 cm (1.8 inches), 120 x 160 pixels, Bluetooth, 1020 mAh, Black)"
773,"Nokia 6300 7.8GB Unlocked Mobile Phone Silver Black (Edge, Bluetooth, Camera with 2MP, Music Player, FM Stereo Radio, Organizer)"
774,Samsung GT E1200
775,Samsung Galaxy A15 5G Smartphone 128 GB Blue
776,"Samsung E1190 Mobile phone Display 3.6 cm (1.43"") Dual-band Titanium Grey"
777,Nokia 1110i Black (DualBand GSM 900/1800) Handy
778,Samsung GT-E1270 Mobile phone 32 MB Red
779,"Nokia 110 Feature Phone mit integriertem MP3-Player, rückwärtiger Kamera, langlebigem Akku und Diktiergerät - Charcoal"
780,"Nokia Mobile Phone 1616 (FM Radio, Color Screen, Flashlight) No Subscription, No Brand, No SIM Card, Black"
781,Nokia 220 black single sim unlocked
782,Samsung E1200 Mobile Phone Unlocked Black (import Europe)
783,Nokia C2-01 Compact
784,"Samsung C3520I Mobile Phone, Silver [Italy]"
785,Nokia 2610 Gray Mobile Phone
786,"Nokia A00019214 225 Mobile Phone (7 cm (2.8 inch) Screen, 2 Megapixel Camera, Micro USB 2.0, Bluetooth 3.0, Mini SIM, FM Radio, White"
787,"Nokia A00019213 225 Mobile Phone (7 cm (2.8 inch) Screen, 2 Megapixel Camera, Micro USB 2.0, Bluetooth 3.0, Mini SIM, FM Radio, Black"
788,"Nokia 2700 Black Inkjet Mobile Phone with Email, Bluetooth, GPRS, MP3, 2MP Camera"
789,Samsung Galaxy S24 Ultra 12/512 Black
790,"Xiaomi Poco X6 Pro 5G Smartphone + Headphones, 12+512 Mobile Phone Without Contract, 64MP OIS Triple Camera, Bright Black (BE Version + 2 Year Warranty)"
791,Samsung Galaxy S24 5G 8GB/128GB Black (Onyx Black) Dual SIM SM-S921B
792,Xiaomi 14T Pro 512GB 12RAM 5G EU black
793,Motorola razr 50 ultra 5G 12+512gb midnight blue
794,"SAMSUNG Galaxy A14 Dual LTE (A145) 64 GB 4 GB RAM Black,Black"
795,Samsung galaxy a15 4g blue 128gb
796,Xiaomi Redmi 13 8GB/256GB Black (Midnight Black) Dual SIM
797,"Samsung Galaxy A55 256GB Dark Blue 6.6"" 5G (8GB) EU Model Android"
798,"Samsung Galaxy A15, Android 14 Smartphone, 6.5 inch FHD+ Super AMOLED Display, 4GB RAM, 128GB, Internal Memory Expandable up to 1TB, 5000mAh Battery, Blue [Italian Version]"
799,"SAMSUNG GALAXY S24 Ultra, 5G Android Smartphone, 512GB, 25W Fast Mains Charger Included [Amazon Exclusive], Unlocked Smartphone, Grey, FR Version"
800,Redmi Note 13 Pro 5G Midnight Black 8GB RAM 256GB ROM
801,"Xiaomi Redmi Note 13 Pro+ 5G Smartphone 12+512GB, 6.67"" Super QPD, HyperCharge 120W, 2.8GHz, Black (EU Version)"
802,Xiaomi Poco X6 Pro 5G 12GB/512GB Yellow (Yellow) Dual SIM
803,Samsung Galaxy A35 128GB 6RAM 5G EU Black
804,"SAMSUNG Galaxy S21 Ultra 5G 128GB, Black"
805,"Nokia Mobile Phone 2660 Black 4G 2.8"" 128 MB RAM"
806,Xiaomi 14T 5G 12GB/256GB Titanium Black (Titan Black) Dual SIM
807,"Samsung Galaxy SM-A057GLGV 17 cm (6.7"") Dual SIM Android 13 4G USB Type-C 4 GB 128 GB 5000 mAh Green"
808,Xiaomi Poco F6 Pro 5G 12GB/512GB Black Dual SIM
809,OnePlus Nord CE4 Lite 5G 8GB 256GB Super Silver
810,Nokia 105-2019 Dual SIM Black (TA-1174)
811,SAMSUNG S22 ULTRA SMS908B 8128GB DS 5G PHANTOM BLACK (Op. sim free only welcome message)
812,Samsung Galaxy S24 Ultra 12/1TB Black
813,Xiaomi Redmi Note 10 pro 6gb128gb Bronze
814,Samsung C3520 Mobile phone EDGE Quad-band Internal memory 28 MB Bluetooth Charcoal Grey
815,Xiaomi Xia Redmi Note 12 128-4-5G-bu Redmi Note 12 5G 128/4GB Ice Blue
816,"Samsung Galaxy A8 Enterprise Edition Smartphone (14.2 cm (5.6 Inches) 32 GB Internal Memory, 4 GB RAM, Android, Black) German Version"
817,"Xiaomi Redmi Note 10 5G 16.5 cm (6.5"") Dual SIM Android 11 USB Type-C 4 GB 128 GB 5000 mAh Grey"
818,Xiaomi Generic Xiaomi Redmi Note 11 Smartphone with 4G SIM 64 GB Green
819,"Nokia 105 (2023) Charcoal/Mobile 1.77"""
820,Xiaomi Redmi Note 10 5G 4GB64GB Blue
821,"Samsung Galaxy S10 5G Black Without Simlock, No Mark"
822,Nokia 1208 Black RH-105 keys Black Mobile phone without SIM card
823,"Xiaomi REDMI A2 2/32GB Blue, 6.5'' Display, Unlocked Smartphone, 5000 mAh Battery, 32GB ROM, 2GB RAM, Android 13, MediaTek Helio G36 Processor"
824,Apple iPhone 13 (128GB) - Midnight
825,POCO X7 Pro 12+256 black
826,Samsung SM-A256 Galaxy A25 Dual SIM 5G 6GB RAM 128GB Blue Black EU
827,Apple iphone 15 (128gb) - blue
828,"Samsung Galaxy S20 FE Cloud Navy, Dark Blue, 128GB, Dual SIM"
829,Apple iPhone 15 Plus (128GB) - Blue
830,SAMSUNG Galaxy A55 5G Smartphone 256GB Sky Blue
831,"Samsung Galaxy Xcover 7 Black 6.6"" 128GB 5G Enterprise Edition"
832,"Nokia Vodafone 3310 2G 16GB Mobile Phone (2.4 inch Color Display, 2.4 inch Camera, Bluetooth, Radio, MP3 Player, Dual SIM) Dark Blue"
833,Motorola razr 50 ultra 5G 12+512gb midnight blue
834,"Apple iPhone 12 Mini, 128 GB, Black (Refurbished)"
835,"Samsung Galaxy Xcover Pro, Smartphone 64GB, Black"
836,Xiaomi Redmi 13 8GB/256GB Black (Midnight Black) Dual SIM
837,"Samsung Galaxy A40 Smartphone (5.9 Inches) 64 GB Internal Memory, 4 GB RAM, Dual SIM, Coral, German Version"
838,Redmi Note 13 Pro+ 5G Purple 8GB + 256GB
839,"Apple iPhone 12 Mini, 64GB, Green Green One"
840,"Samsung Galaxy A15, Android 14 Smartphone, 6.5 inch FHD+ Super AMOLED Display, 4GB RAM, 128GB, Internal Memory Expandable up to 1TB, 5000mAh Battery, Blue [Italian Version]"
841,Redmi Note 13 Pro 5G Midnight Black 8GB RAM 256GB ROM
842,"SAMSUNG Galaxy S21 Ultra 5G 128GB, Black"
843,"Nokia Mobile Phone 2660 Black 4G 2.8"" 128 MB RAM"
844,"Nokia 3310 2G Unlocked Mobile Phone (2.4"" Color Screen, 2MP Camera, Bluetooth, Radio, MP3 Player, Dual SIM) Retro Grey"
845,Xiaomi Poco F6 Pro 5G 12GB/512GB Black Dual SIM
846,OnePlus Nord CE4 Lite 5G 8GB 256GB Super Silver
847,Nokia 105-2019 Dual SIM Black (TA-1174)
848,Redmi Note 13 Pro+ 5G Purple 8GB + 256GB
849,OnePlus Nord CE4 Lite 5G 8GB 256GB Super Silver
850,Xiaomi Redmi Note 13 5G 6GB/128GB Turquoise Green (Ocean Teal) Dual SIM
851,Redmi Note 13 5G White 8GB + 256GB
852,"Xiaomi Redmi Note 13 4G Unlocked Smartohone, 8GB+256GB, 6.67"" 120Hz AMOLED Display, 108MP Triple Camera, Snapdragon 685 Processor, 5000mAh Battery, 33W Fast Charge (Midnight Black)"
853,Xiaomi Redmi Note 11 6GB/128GB Grey (Graphite Gray) Dual SIM
854,Xiaomi Poco X6 5G 8GB/256GB Blue Dual SIM
855,Xiaomi Poco X6 5G Dual Sim 256GB/8GB White
856,"Xiaomi Redmi Note 12 Pro+ Smartphone (5G, 8GB RAM, 256GB ROM, 6.67"", Polar White)"
857,Samsung E1190 Mobile Phone Red
858,"SAMSUNG Galaxy Xcover6 Pro 16.8 cm (6.6"") Hybrid Dual SIM 5G USB, W128445418 (6.6) Hybrid Dual SIM 5G USB Type-C 6 GB 128 GB 4050 mAh Black"
859,Xiaomi Redmi Note 10 4+128GB DS 5G Midnight Blue OEM
860,"SAMSUNG E1190 1.43 71.2 G Grey – Mobile Phone (SIM Only, Alarm Clock, Calculator, Calendar, Converter, Regresivo Timer, Stopwatch, Replacement Lithium Lion, GSM, MP3, 128 x 128"
861,Nokia C31 4GB/64GB Grey (Charcoal) Dual SIM
862,"Xiaomi Redmi Note 13 PRO 5G + 4G LTE (512GB + 12GB) 6.7"" 200MP Triple (Tmobile Mint Tello & Global) Global Unlocked Strips + (Dual Charger Fast Car Charger) (Midnight Black)"
863,"Xiaomi Redmi Note 9 Smartphone 3GB 64GB, MTK Helio G85, 6.53 inch DotDisplay, 48MP + 13MP Camera, 5020mAh Battery, Global Version (Green)"
864,Samsung Galaxy S6 Edge Unlocked Smartphone 4G (5.1 Inches – 64 GB – Android 5.0 Lollipop) Gold
865,"Xiaomi Redmi Note 10 5G Smartphone Unlocked 4+128GB, 6.5 Inches DotDisplay 90Hz AdaptiveSync Screen, MediaTek Dimensity 700, Triple Camera, 5000mAh, Graphite Grey (French Version + 2 Year Warranty)"
866,"Poco F4 GT 5G Smartphone 8+128GB, 6.67 Inch AMOLED 120Hz E4 Screen, Snapdragon 8 Gen 1 Processor, 64MP Triple Camera, 4700mAh Battery, 120W HyperCharge, Yellow POCO (French Version + 2 Years Warranty)"
867,"POCO F3 Smartphone 6+128GB, 6.67 Inch 120Hz AMOLED DotDisplay, Snapdragon 870, 48MP Triple Camera, 4520mAh, NFC, Night Black (French Version + 2 Years Warranty) [Amazon Exclusive]"
868,Motorola Moto G31 5G 4GB/128GB Grey (Mineral Grey) Dual SIM XT2173-3
869,Samsung Galaxy S21 FE 5G 8GB/256GB White Dual SIM G990
870,"Xiaomi Redmi Note 10 5G Smartphone 128GB, 4GB RAM, Dual Sim, Green"
871,Xiaomi Redmi Note 9T 5G 4GB/64GB Black (Nightfall Black) Dual SIM
872,POCO X7 Pro 12+256 black
873,SAMSUNG Galaxy A55 5G Smartphone 256GB Sky Blue
874,Motorola razr 50 ultra 5G 12+512gb midnight blue
875,"Apple iPhone 12 Mini, 128 GB, Black (Refurbished)"
876,Xiaomi Redmi 13 8GB/256GB Black (Midnight Black) Dual SIM
877,Redmi Note 13 Pro+ 5G Purple 8GB + 256GB
878,Xiaomi Poco X6 Pro 5G 12GB/512GB Yellow (Yellow) Dual SIM
879,"SAMSUNG Galaxy S21 Ultra 5G 128GB, Black"
880,Xiaomi Poco F6 Pro 5G 12GB/512GB Black Dual SIM
881,OnePlus Nord CE4 Lite 5G 8GB 256GB Super Silver
882,SAMSUNG A135F/DSN Galaxy A13 Dual SIM (6.6 inches - 4/128GB) Black
883,"Xiaomi Redmi Note 13 Pro Smartphone, 5G, 8+256GB, 6.67 inch Display, 1.5K 120Hz AMOLED Display, Snapdragon 7s, 200MP Ultra Clear Camera with OIS, 5100mAh, 67W Turbo Charging, Blue"
884,Xiaomi 12 Lite 8+128GB Black 5G
885,"Motorola Moto G85 5G (12/256GB, 6.67"" pOLED FHD+ HiD 120Hz, Snapdragon 6s Gen 3, 50+8MP Dual Camera, 5000mAh Battery, Dual SIM, Android 14), Grey Gadget"
886,Motorola MOBILITY MOTO G14 Smartphone (6.5 inch FHD+ Screen 50MP Camera 4/128GB 5000mAh Android 13) Butter Cream (Vegan Leather) with Protective Case
887,Xiaomi Redmi Note 13 Pro+ 5G 12GB/512GB Black (Midnight Black) Dual SIM
888,Samsung Galaxy S20 FE 6 128GB DS Cloud Navy Blue EU
889,Samsung Galaxy S24 Ultra 12/512 Silver
890,Samsung Galaxy A55 Smartphone 256GB 5G Midnight Blue
891,Xiaomi Redmi 13 6GB/128GB Blue (Ocean Blue) Dual SIM
892,"Xiaomi 14T Pro Smartphone 12GB+1TB, Leica Summilux Lenses, MediaTek Dimensity 9300+, 6.67"" AMOLED Display 144Hz, HyperCharge 120W, Titanium Blue (ES Version)"
893,Xiaomi Redmi Note 10 Pro 6GB/128GB Grey (Onyx Gray) Dual SIM M2101K6G
894,Apple iPhone 13 Mini 512GB Midnight
895,Redmi Note 13 Pro+ 5G White 12GB + 512GB
896,Redmi Note 13 Black 8GB + 256GB
897,Samsung SM-A057 Galaxy A05s Dual SIM 4GB RAM 128GB Black EU
898,Redmi Note 13 Blue 8GB + 256GB
899,"Samsung Galaxy Xcover 7 Black 6.6"" 128GB 5G Enterprise Edition"
900,Xiaomi Redmi A3 Star Bleu 3GB RAM 64GB ROM (Version Française + 2 Ans de Garantie)
901,Samsung Galaxy S24 5G 8GB/128GB Black (Onyx Black) Dual SIM SM-S921B
902,OnePlus 12 5G 16GB RAM 512GB Storage SIM-Free Smartphone with 4th Gen Hasselblad Camera for Mobile – 2 Year Warranty – Flowy Emerald
903,Motorola razr 50 ultra 5G 12+512gb midnight blue
904,"Apple iPhone 12 Mini, 128 GB, Black (Refurbished)"
905,"Samsung Galaxy A25 5G 16.5 cm (6.5"") USB Type-C 6 GB 128 GB 5000 mAh Blue"
906,Samsung galaxy a15 4g blue 128gb
907,Xiaomi Redmi 13 8GB/256GB Black (Midnight Black) Dual SIM
908,"Samsung Galaxy A40 Smartphone (5.9 Inches) 64 GB Internal Memory, 4 GB RAM, Dual SIM, Coral, German Version"
909,Redmi Note 13 Pro+ 5G Purple 8GB + 256GB
910,"Xiaomi Poco X6 Pro 5G Smartphone + Headphones, 8+256 Mobile Phone Without Contract, 64MP OIS Triple Camera, Bright Gray (BE Version + 2 Year Warranty)"
911,"Apple iPhone 12 Mini, 64GB, Green Green One"
912,"Xiaomi Redmi Note 13 Pro 16.9 cm (6.67"") Dual SIM Android 13 4G USB Type-C 8 GB 256 GB 5000 mAh Black"
913,Samsung Galaxy S20 128GB 5G Grey
914,"Samsung Galaxy S20 FE 5G - SM-G781BZBDEUB Free Android Smartphone, 128 GB, Blue"
915,"SAMSUNG Galaxy S21 Ultra 5G 128GB, Black"
916,"Samsung Galaxy SM-A057GLGV 17 cm (6.7"") Dual SIM Android 13 4G USB Type-C 4 GB 128 GB 5000 mAh Green"
917,OnePlus Nord CE4 Lite 5G 8GB 256GB Super Silver
918,Samsung S23 8_128GB Black
919,Nokia 105-2019 Dual SIM Black (TA-1174)
920,POCO X7 Pro 12+256 black
921,Samsung SM-A256 Galaxy A25 Dual SIM 5G 6GB RAM 128GB Blue Black EU
922,Apple iphone 15 (128gb) - blue
923,"Samsung Galaxy S20 FE Cloud Navy, Dark Blue, 128GB, Dual SIM"
924,Apple iPhone 15 Plus (128GB) - Blue
925,"Samsung Galaxy Xcover 7 Black 6.6"" 128GB 5G Enterprise Edition"
926,Motorola razr 50 ultra 5G 12+512gb midnight blue
927,"Apple iPhone 12 Mini, 128 GB, Black (Refurbished)"
928,Xiaomi Redmi 13 8GB/256GB Black (Midnight Black) Dual SIM
929,Redmi Note 13 Pro+ 5G Purple 8GB + 256GB
930,"Samsung Galaxy A15, Android 14 Smartphone, 6.5 inch FHD+ Super AMOLED Display, 4GB RAM, 128GB, Internal Memory Expandable up to 1TB, 5000mAh Battery, Blue [Italian Version]"
931,"SAMSUNG GALAXY S24 Ultra, 5G Android Smartphone, 512GB, 25W Fast Mains Charger Included [Amazon Exclusive], Unlocked Smartphone, Grey, FR Version"
932,"SAMSUNG Galaxy S21 Ultra 5G 128GB, Black"
933,Xiaomi Poco F6 Pro 5G 12GB/512GB Black Dual SIM
934,OnePlus Nord CE4 Lite 5G 8GB 256GB Super Silver
935,SAMSUNG S22 ULTRA SMS908B 8128GB DS 5G PHANTOM BLACK (Op. sim free only welcome message)
936,SAMSUNG A135F/DSN Galaxy A13 Dual SIM (6.6 inches - 4/128GB) Black
937,"Xiaomi Redmi Note 13 Pro Smartphone, 5G, 8+256GB, 6.67 inch Display, 1.5K 120Hz AMOLED Display, Snapdragon 7s, 200MP Ultra Clear Camera with OIS, 5100mAh, 67W Turbo Charging, Blue"
938,"Xiaomi MediaTek Helio G36 Smartphone Redmi A3 Midnight Black-36 5000 mAh (Typ), AI Dual Camera System, 6.71 Inch Smooth Screen 90Hz"
939,Xiaomi 12 Lite 8+128GB Black 5G
940,"Xiaomi Redmi Note 13 Pro 5G 512GB (Midnight Black, Android 13, 5G, 12 GB LPDDR4X)"
941,"Motorola Moto G85 5G (12/256GB, 6.67"" pOLED FHD+ HiD 120Hz, Snapdragon 6s Gen 3, 50+8MP Dual Camera, 5000mAh Battery, Dual SIM, Android 14), Grey Gadget"
942,"iPhone SE 2nd Generation, 128GB, Red (Refurbished)"
943,Motorola MOBILITY MOTO G14 Smartphone (6.5 inch FHD+ Screen 50MP Camera 4/128GB 5000mAh Android 13) Butter Cream (Vegan Leather) with Protective Case
944,POCO X7 Pro 12+256 black
945,Samsung SM-A256 Galaxy A25 Dual SIM 5G 6GB RAM 128GB Blue Black EU
946,Redmi Note 13 Black 8GB + 256GB
947,"Samsung Galaxy S20 FE Cloud Navy, Dark Blue, 128GB, Dual SIM"
948,Samsung SM-A057 Galaxy A05s Dual SIM 4GB RAM 128GB Black EU
949,Samsung Tel 1286791 Smartphone 5g 6.5 Inches 8+128 GB A55 Light Blue SM-A556BLBAEUE
950,Samsung Galaxy S24 Ultra 12/512 Black
951,Redmi Note 13 Blue 8GB + 256GB
952,SAMSUNG Galaxy A55 5G Smartphone 256GB Sky Blue
953,"Samsung Galaxy Xcover 7 Black 6.6"" 128GB 5G Enterprise Edition"
954,OnePlus 13 5G 16GB Ram 512GB Storage SIM-Free Smartphone with 50MP Triple Camera + OIS – Black Elipse
955,Samsung Galaxy S24 5G 8GB/128GB Black (Onyx Black) Dual SIM SM-S921B
956,OnePlus 12 5G 16GB RAM 512GB Storage SIM-Free Smartphone with 4th Gen Hasselblad Camera for Mobile – 2 Year Warranty – Flowy Emerald
957,Xiaomi 14T Pro 512GB 12RAM 5G EU black
958,"Samsung Galaxy A25 5G 16.5 cm (6.5"") USB Type-C 6 GB 128 GB 5000 mAh Blue"
959,"SAMSUNG Galaxy A14 Dual LTE (A145) 64 GB 4 GB RAM Black,Black"
960,"Samsung Galaxy Xcover Pro, Smartphone 64GB, Black"
961,Samsung galaxy a15 4g blue 128gb
962,Samsung A55 SM-A556B 6+128GB DS 5G AWESOME LILAC OEM
963,"Samsung Galaxy A55 256GB Dark Blue 6.6"" 5G (8GB) EU Model Android"
964,Xiaomi Redmi Note 13 Pro 5G 512GB Midnight Black
965,"Xiaomi Redmi Note 13 Pro 16.9 cm (6.67"") Dual SIM Android 13 4G USB Type-C 8 GB 256 GB 5000 mAh Black"
966,"Samsung Galaxy A15, Android 14 Smartphone, 6.5 inch FHD+ Super AMOLED Display, 4GB RAM, 128GB, Internal Memory Expandable up to 1TB, 5000mAh Battery, Blue [Italian Version]"
967,Samsung SM-A556B Galaxy A55 5G Dual SIM 8GB 128GB Awesome Lemon EU
968,Unlocked Nokia 105 Dual-SIM (2019) Black
969,"Xiaomi Poco M6 8GB+256GB Smartphone, 6.79"" 90Hz FHD+ AMOLED Display, MediaTek Helio G91-Ultra, 108 MP Camera, 5030 mAh, Black"
970,Motorola Moto Razr 50 Ultra 12G-512GB Peach Fuzz Smart Phone
971,"Xiaomi Poco X6 Pro 5G Smartphone + Headphones, 12+512 Mobile Phone Without Contract, 64MP OIS Triple Camera, Bright Black (BE Version + 2 Year Warranty)"
972,Xiaomi Redmi A3 Star Bleu 3GB RAM 64GB ROM (Version Française + 2 Ans de Garantie)
973,"Nokia Vodafone 3310 2G 16GB Mobile Phone (2.4 inch Color Display, 2.4 inch Camera, Bluetooth, Radio, MP3 Player, Dual SIM) Dark Blue"
974,Xiaomi Redmi 14C 4G 4GB/128GB Black (Midnight Black) Dual SIM
975,Xiaomi Redmi 13 8GB/256GB Black (Midnight Black) Dual SIM
976,Samsung Galaxy A05s Smartphone 64 GB Silver
977,"Nokia Mobile Phone 2660 Black 4G 2.8"" 128 MB RAM"
978,"Apple iPhone 11, 64GB, Black (Refurbished)"
979,"Nokia 3310 2G Unlocked Mobile Phone (2.4"" Color Screen, 2MP Camera, Bluetooth, Radio, MP3 Player, Dual SIM) Retro Grey"
980,Nokia 105-2019 Dual SIM Black (TA-1174)
981,"Poco C75 6GB 128GB Black Android Smartphone, 2.0GHz, 6.88 Inch Display, 50MP AI Dual Camera, 5160mAH Battery"
982,SAMSUNG A135F/DSN Galaxy A13 Dual SIM (6.6 inches - 4/128GB) Black
983,"Xiaomi Redmi Note 13 Pro Smartphone, 5G, 8+256GB, 6.67 inch Display, 1.5K 120Hz AMOLED Display, Snapdragon 7s, 200MP Ultra Clear Camera with OIS, 5100mAh, 67W Turbo Charging, Blue"
984,"Xiaomi MediaTek Helio G36 Smartphone Redmi A3 Midnight Black-36 5000 mAh (Typ), AI Dual Camera System, 6.71 Inch Smooth Screen 90Hz"
985,Motorola MOBILITY MOTO G14 Smartphone (6.5 inch FHD+ Screen 50MP Camera 4/128GB 5000mAh Android 13) Butter Cream (Vegan Leather) with Protective Case
986,Nokia 106 (2018) 4G Black (Black) Dual SIM
987,"Apple iPhone 11, 64GB, White (Refurbished)"
988,Xiaomi 14T Pro - Leica Summilux Optical Lens - 12GB RAM - 512GB Storage - MediaTek Dimensity 9300+ - 144Hz AI Display - 120W HyperCharge - Titan Gray
989,Xiaomi Redmi 13 6GB/128GB Blue (Ocean Blue) Dual SIM
990,"Nokia 6300 4G all_carriers - Mobile Phone, Charcoal"
991,"POCO F6 Snapdragon® 8 Gen 3, 120Hz Flow AMOLED display, 90W Turbo Charging, 50MP dual camera with OIS, 8GB+256GB, Black"
992,Apple iPhone 13 (128GB) - Midnight
993,Apple iPhone 16 Pro Max (256GB) - Black Titanium
994,Apple iPhone 16 Pro (256GB) - Black Titanium
995,Apple iphone 16 (128gb) - black
996,"Apple iPhone 13 Mini, 128GB, Blue, (Refurbished)"
997,Apple iPhone 13 Mini 128GB Starlight EU
998,Motorola razr 50 ultra 5G 12+512gb midnight blue
999,Samsung SM-A346B Galaxy A34 Dual Sim 6+128GB Awesome Graphite DE
1000,Redmi Note 13 Pro+ 5G Purple 8GB + 256GB
1001,Samsung S23 8_128GB Black
1002,SAMSUNG S22 ULTRA SMS908B 8128GB DS 5G PHANTOM BLACK (Op. sim free only welcome message)
1003,Xiaomi 14 12 512GB 5G White EU
1004,"Motorola Moto G85 5G (12/256GB, 6.67"" pOLED FHD+ HiD 120Hz, Snapdragon 6s Gen 3, 50+8MP Dual Camera, 5000mAh Battery, Dual SIM, Android 14), Grey Gadget"
1005,"Apple iPhone 12 Pro, 128GB, Graphite - (Refurbished)"
1006,Xiaomi Redmi Note 10 Pro 6GB/128GB Grey (Onyx Gray) Dual SIM M2101K6G
1007,Apple iPhone 16 Plus (128GB) - Pink
1008,"Apple iPhone 12 mini, 64GB, Black - (Refurbished)"
1009,"Apple iPhone 13 Pro Max, 256GB, Gold - (Refurbished)"
1010,"Samsung Galaxy S22 5G 128GB Bora Purple EU [15.39cm (6.1"") OLED Display, Android 12, 50MP Triple-Kamera]"
1011,"Apple iPhone 12 Pro, 128GB, Gold - (Refurbished)"
1012,Samsung Galaxy S23 5G 128GB Green
1013,Xiaomi Redmi Note 13 Pro+ 5G 8GB/256GB White (Moonlight White) Dual SIM
1014,Xiaomi 14 12/512gb 5g schwarz eu
1015,Xiaomi Redmi Note 13 4G 6GB/128GB Black (Midnight Black) Dual SIM
1016,Motorola razr 50 ultra 5G 12+512gb midnight blue
1017,"Motorola Moto G85 5G (12/256GB, 6.67"" pOLED FHD+ HiD 120Hz, Snapdragon 6s Gen 3, 50+8MP Dual Camera, 5000mAh Battery, Dual SIM, Android 14), Grey Gadget"
1018,"Xiaomi Redmi Note 12S 4G LTE Smartphone, 8GB + 256GB Octa Core,6.43 inch FHD+ AMOLED DotDisplay,108MP Triple Rear Camera,5000mAh Battery with 33W Fast Charging, Dual Sim (Onxy Black)"
1019,"SAMSUNG GALAXY S24, Android 5G Smartphone, 128GB, 25W Fast Mains Charger Included [Amazon Exclusive], Unlocked Smartphone, Black, FR Version"
1020,SMARTPHONE MOTOROLA MOTO G04 4G 4GB 64GB SATIN BLUE
1021,Motorola Moto G14 8GB/256GB Blue (Sky Blue) Dual SIM
1022,"Motorola Edge 50 fusion (8/256GB, 50+13MP dual camera, 6.67"" pOLED FHD+ 144Hz display, IP68, Snapdragon 7s Gen 2, 5000mAh battery, dual SIM, Android 14), Forest Blue"
1023,Moto Razr 40 Ultra 8+256 Peach Fuzz
1024,"Motorola Razr 40 (6.9"" OLED 144Hz Flexible Screen + 1.5"" OLED Outdoor Display, 64+12MP Cameras, 32MP Selfie, 33W Charger, 4200mAh Battery, Android 13, 8/256GB, Dual SIM), Summer Lilia"
1025,Motorola Moto G85 5G 8GB/256GB Blue (Cobalt Blue) Dual SIM XT2427-3
1026,"Moto G75 5G 256GB, Handy Charcoal Gray, Android 14, 8 GB LPDDR4X"
1027,Motorola Moto G04 8GB-128GB (Concord Black) XT2421-3
1028,Motorola Edge 50 Fusion 5G 12GB-512GB Azul (Forest Blue) XT2429-2
1029,SMARTPHONE MOTOROLA MOTO EDGE 50 12G-512GB GREY
1030,"Motorola Moto G14 Steel Grey 4+128GB 6.5"" Full HD+"
1031,"Motorola Moto G24,Black"
1032,"Nokia Mobile Phone 1616 (FM Radio, Color Screen, Flashlight) No Subscription, No Brand, No SIM Card, Black"
1033,Xiaomi Redmi 12 8/256GB Midnight Black EU
1034,"OnePlus 8 Pro 17.2 cm (6.78"") 8 GB 128 GB Dual SIM 5G USB Type-C Black Oxygen OS 4510 mAh 8 Pro, 17.2 cm (6.78""), 8 GB, 128 GB, 48 MP, Oxygen OS, Black"
1035,"Motorola Moto G54 5G (FHD+ 6.5 Display, 50MP Dual Camera, 8/256GB, 5000mAh, Android 13), Indigo Blue (Vegan Leather), with Protective Case + Stand for"
1036,Nokia X30 5G 6GB/128GB Blue (Cloudy Blue) Dual SIM TA-1450
1037,"Motorola RAZR 50 Ultra 5G XT2451-3 Smartphone débloqué 512 Go + 12 Go de RAM Dual-SIM (Nano, eSIM) Android 14 – Mousse Moka"
1038,SMARTPHONE MOTOROLA MOTO G05 4G 4GB-128GB FOREST GREEN
1039,"Moto G35 5G (4/256GB, 6.72"" FHD+ 120Hz, 50+8MP, 5000mAh, 16MP selfie, 18W charging, NFC, Android 14 stock, protective case included), Midnight Black"
1040,Samsung Tel 1286791 Smartphone 5g 6.5 Inches 8+128 GB A55 Light Blue SM-A556BLBAEUE
1041,Xiaomi 12 Lite 8+128GB Black 5G
1042,"Xiaomi Redmi Note 12S 4G LTE Smartphone, 8GB + 256GB Octa Core,6.43 inch FHD+ AMOLED DotDisplay,108MP Triple Rear Camera,5000mAh Battery with 33W Fast Charging, Dual Sim (Onxy Black)"
1043,Xiaomi Redmi Note 13 5G 6GB/128GB Black (Graphite Black) Dual SIM
1044,Xiaomi Redmi Note 10 Pro 6GB/128GB Blue (Glacier Blue) Dual SIM
1045,"Xiaomi Smartphone Redmi Note 12S 6.4"" 256GB RAM 8GB Dual SIM Pearl Green Europe Brand"
1046,Xiaomi Redmi 13C 8GB RAM 256GB ROM [Global Version] (Navy Blue)
1047,SAMSUNG Galaxy-A15 256GB
1048,Xiaomi Redmi 13C 4GB RAM 128GB ROM [Global Version] (Midnight Black)
1049,"Motorola Edge 50 fusion (8/256GB, 50+13MP dual camera, 6.67"" pOLED FHD+ 144Hz display, IP68, Snapdragon 7s Gen 2, 5000mAh battery, dual SIM, Android 14), Forest Blue"
1050,"Xiaomi Redmi 13C Unlocked Smartphone 8GB RAM 256GB ROM 6.74"" 90Hz Display 50MP Triple Camera 5000mAh Battery 18W Fast Charging Octa-Core Processor Dual SIM MIUI 14 NFC Midnight Black"
1051,Samsung Galaxy A14 5G Smartphone 128 GB Black
1052,"Xiaomi Poco F6 5G Mobile Phone, 12GB, 512GB, Black"
1053,Motorola Edge 50 Fusion 5G 12GB-512GB Azul (Forest Blue) XT2429-2
1054,Samsung GT-E1270 Mobile phone 32 MB Red
1055,Nokia Smartphone 235 DS 4G 128 MB RAM Blue
1056,Xiaomi Redmi 13C 6GB RAM 128GB ROM [Global Version] (Midnight Black)
1057,Xiaomi Redmi 12 8/256GB Midnight Black EU
1058,Motorola Moto E14 2Go-64GB Grey (Graphite Grey) Dual SIM
1059,Xiaomi Redmi Note 12 Pro 4G 8GB/256GB White (Polar White) Dual SIM 2209116AG
1060,Xiaomi Redmi A1 Dual SIM 2GB RAM 32GB Light Green EU
1061,Xiaomi Mobile Phone Poco M5S 256GB ROM 8GB RAM Blue
1062,"Motorola Moto G54 5G (FHD+ 6.5 Display, 50MP Dual Camera, 8/256GB, 5000mAh, Android 13), Indigo Blue (Vegan Leather), with Protective Case + Stand for"
1063,OnePlus 11 5G 16GB 256GB Titan Black EU
